<metadata xml:lang="en"><Esri><CreaDate>20221113</CreaDate><CreaTime>23335900</CreaTime><SyncOnce>FALSE</SyncOnce><SyncDate>20230224</SyncDate><SyncTime>14292400</SyncTime><ModDate>20230224</ModDate><ModTime>14292400</ModTime><DataProperties><itemProps><itemName Sync="TRUE">citytract</itemName><imsContentType Sync="TRUE">002</imsContentType><itemLocation><linkage Sync="TRUE">file://\\UIL\E$\KNIME\CMGISV3\Chp08\data\citytract.shp</linkage><protocol Sync="TRUE">Local Area Network</protocol></itemLocation><itemSize Sync="TRUE">0.000</itemSize></itemProps><coordRef><type Sync="TRUE">Projected</type><geogcsn Sync="TRUE">GCS_North_American_1983</geogcsn><csUnits Sync="TRUE">Linear Unit: Meter (1.000000)</csUnits><projcsn Sync="TRUE">NAD_1983_StatePlane_Illinois_East_FIPS_1201</projcsn><peXml Sync="TRUE">&lt;ProjectedCoordinateSystem xsi:type='typens:ProjectedCoordinateSystem' xmlns:xsi='http://www.w3.org/2001/XMLSchema-instance' xmlns:xs='http://www.w3.org/2001/XMLSchema' xmlns:typens='http://www.esri.com/schemas/ArcGIS/3.0.0'&gt;&lt;WKT&gt;PROJCS[&amp;quot;NAD_1983_StatePlane_Illinois_East_FIPS_1201&amp;quot;,GEOGCS[&amp;quot;GCS_North_American_1983&amp;quot;,DATUM[&amp;quot;D_North_American_1983&amp;quot;,SPHEROID[&amp;quot;GRS_1980&amp;quot;,6378137.0,298.257222101]],PRIMEM[&amp;quot;Greenwich&amp;quot;,0.0],UNIT[&amp;quot;Degree&amp;quot;,0.0174532925199433]],PROJECTION[&amp;quot;Transverse_Mercator&amp;quot;],PARAMETER[&amp;quot;False_Easting&amp;quot;,300000.0],PARAMETER[&amp;quot;False_Northing&amp;quot;,0.0],PARAMETER[&amp;quot;Central_Meridian&amp;quot;,-88.33333333333333],PARAMETER[&amp;quot;Scale_Factor&amp;quot;,0.999975],PARAMETER[&amp;quot;Latitude_Of_Origin&amp;quot;,36.66666666666666],UNIT[&amp;quot;Meter&amp;quot;,1.0],AUTHORITY[&amp;quot;EPSG&amp;quot;,26971]]&lt;/WKT&gt;&lt;XOrigin&gt;-5323000&lt;/XOrigin&gt;&lt;YOrigin&gt;-14061300&lt;/YOrigin&gt;&lt;XYScale&gt;450276661.55466187&lt;/XYScale&gt;&lt;ZOrigin&gt;-100000&lt;/ZOrigin&gt;&lt;ZScale&gt;10000&lt;/ZScale&gt;&lt;MOrigin&gt;-100000&lt;/MOrigin&gt;&lt;MScale&gt;10000&lt;/MScale&gt;&lt;XYTolerance&gt;0.001&lt;/XYTolerance&gt;&lt;ZTolerance&gt;0.001&lt;/ZTolerance&gt;&lt;MTolerance&gt;0.001&lt;/MTolerance&gt;&lt;HighPrecision&gt;true&lt;/HighPrecision&gt;&lt;WKID&gt;26971&lt;/WKID&gt;&lt;LatestWKID&gt;26971&lt;/LatestWKID&gt;&lt;/ProjectedCoordinateSystem&gt;</peXml></coordRef><lineage><Process ToolSource="c:\program files (x86)\arcgis\desktop10.2\ArcToolbox\Toolboxes\Data Management Tools.tbx\CopyFeatures" Date="20140506" Time="104425">CopyFeatures "C:\Users\yhu26\Documents\Yujie Hu\Research\DrWang_book\QuantGIS_V2\DataFiles\Chicago\ChiCity.mdb\citytrt" "C:\Users\yhu26\Documents\Yujie Hu\Research\DrWang_book\QuantGIS_V2\DataFiles\Chicago\ChiCity.gdb\citytrt" # 0 0 0</Process><Process ToolSource="c:\program files\arcgis\pro\Resources\ArcToolbox\toolboxes\Conversion Tools.tbx\FeatureClassToFeatureClass" Date="20220627" Time="190327">FeatureClassToFeatureClass citytrt E:\CMS_GISV3\Case08\Case08_3\Case08_3.gdb citytract # "AREA "AREA" true true false 8 Double 0 0,First,#,citytrt,AREA,-1,-1;PERIMETER "PERIMETER" true true false 8 Double 0 0,First,#,citytrt,PERIMETER,-1,-1;CITYTRT0_ "CITYTRT0_" true true false 4 Long 0 0,First,#,citytrt,CITYTRT0_,-1,-1;CITYTRT0_ID "CITYTRT0_ID" true true false 4 Long 0 0,First,#,citytrt,CITYTRT0_ID,-1,-1;CNTYBNA "CNTYBNA" true true false 10 Text 0 0,First,#,citytrt,CNTYBNA,0,10;IDINDEX "IDINDEX" true true false 4 Long 0 0,First,#,citytrt,IDINDEX,-1,-1;FACTOR1 "FACTOR1" true true false 4 Float 0 0,First,#,citytrt,FACTOR1,-1,-1;FACTOR2 "FACTOR2" true true false 4 Float 0 0,First,#,citytrt,FACTOR2,-1,-1;FACTOR3 "FACTOR3" true true false 4 Float 0 0,First,#,citytrt,FACTOR3,-1,-1;JA "JA" true true false 4 Float 0 0,First,#,citytrt,JA,-1,-1;CT89_91 "CT89_91" true true false 4 Long 0 0,First,#,citytrt,CT89_91,-1,-1;COMM "COMM" true true false 4 Long 0 0,First,#,citytrt,COMM,-1,-1;POPU "POPU" true true false 4 Long 0 0,First,#,citytrt,POPU,-1,-1;Shape_Length "Shape_Length" false true true 8 Double 0 0,First,#,citytrt,Shape_Length,-1,-1;Shape_Area "Shape_Area" false true true 8 Double 0 0,First,#,citytrt,Shape_Area,-1,-1" #</Process><Process ToolSource="c:\program files\arcgis\pro\Resources\ArcToolbox\toolboxes\Data Management Tools.tbx\UpdateSchema" Date="20220627" Time="190407">UpdateSchema "CIMDATA=&lt;CIMStandardDataConnection xsi:type='typens:CIMStandardDataConnection' xmlns:xsi='http://www.w3.org/2001/XMLSchema-instance' xmlns:xs='http://www.w3.org/2001/XMLSchema' xmlns:typens='http://www.esri.com/schemas/ArcGIS/2.9.0'&gt;&lt;WorkspaceConnectionString&gt;DATABASE=E:\CMS_GISV3\Case08\Case08_3\Case08_3.gdb&lt;/WorkspaceConnectionString&gt;&lt;WorkspaceFactory&gt;FileGDB&lt;/WorkspaceFactory&gt;&lt;Dataset&gt;citytract&lt;/Dataset&gt;&lt;DatasetType&gt;esriDTFeatureClass&lt;/DatasetType&gt;&lt;/CIMStandardDataConnection&gt;" &lt;operationSequence&gt;&lt;workflow&gt;&lt;AddField&gt;&lt;field_name&gt;HomiRate&lt;/field_name&gt;&lt;field_type&gt;DOUBLE&lt;/field_type&gt;&lt;field_alias&gt;HomiRate&lt;/field_alias&gt;&lt;field_is_nullable&gt;True&lt;/field_is_nullable&gt;&lt;field_is_required&gt;False&lt;/field_is_required&gt;&lt;/AddField&gt;&lt;/workflow&gt;&lt;/operationSequence&gt;</Process><Process ToolSource="c:\program files\arcgis\pro\Resources\ArcToolbox\toolboxes\Data Management Tools.tbx\CalculateField" Date="20220627" Time="190442">CalculateField citytract HomiRate "!CT89_91! * 100000/!POPU!" "Python 3" # Text NO_ENFORCE_DOMAINS</Process><Process ToolSource="c:\program files\arcgis\pro\Resources\ArcToolbox\toolboxes\Data Management Tools.tbx\UpdateSchema" Date="20220627" Time="190651">UpdateSchema "CIMDATA=&lt;CIMStandardDataConnection xsi:type='typens:CIMStandardDataConnection' xmlns:xsi='http://www.w3.org/2001/XMLSchema-instance' xmlns:xs='http://www.w3.org/2001/XMLSchema' xmlns:typens='http://www.esri.com/schemas/ArcGIS/2.9.0'&gt;&lt;WorkspaceConnectionString&gt;DATABASE=E:\CMS_GISV3\Case08\Case08_3\Case08_3.gdb&lt;/WorkspaceConnectionString&gt;&lt;WorkspaceFactory&gt;FileGDB&lt;/WorkspaceFactory&gt;&lt;Dataset&gt;citytract&lt;/Dataset&gt;&lt;DatasetType&gt;esriDTFeatureClass&lt;/DatasetType&gt;&lt;/CIMStandardDataConnection&gt;" &lt;operationSequence&gt;&lt;workflow&gt;&lt;AddField&gt;&lt;field_name&gt;LnHomiRate&lt;/field_name&gt;&lt;field_type&gt;DOUBLE&lt;/field_type&gt;&lt;field_alias&gt;LnHomiRate&lt;/field_alias&gt;&lt;field_is_nullable&gt;True&lt;/field_is_nullable&gt;&lt;field_is_required&gt;False&lt;/field_is_required&gt;&lt;/AddField&gt;&lt;/workflow&gt;&lt;/operationSequence&gt;</Process><Process ToolSource="c:\program files\arcgis\pro\Resources\ArcToolbox\toolboxes\Data Management Tools.tbx\CalculateField" Date="20220627" Time="190850">CalculateField citytract LnHomiRate math.log(!HomiRate!+1) "Python 3" # Text NO_ENFORCE_DOMAINS</Process><Process ToolSource="c:\program files\arcgis\pro\Resources\ArcToolbox\toolboxes\Data Management Tools.tbx\CopyMultiple" Date="20221113" Time="233400">CopyMultiple "E:\CMS_GISV3\Case08\Case08_3\Case08_3.gdb\cityattr Table;E:\CMS_GISV3\Case08\Case08_3\Case08_3.gdb\citytract FeatureClass" E:\CMS_GISV3\Data-Chapter\chp8\Chicago\ChiCity.gdb cityattr;citytract "cityattr TableDataset cityattr #;citytract FeatureClass citytract #"</Process><Process ToolSource="c:\program files\arcgis\pro\Resources\ArcToolbox\toolboxes\Conversion Tools.tbx\ExportFeatures" Date="20230224" Time="142924">ExportFeatures citytract E:\KNIME\CMGISV3\Chp08\data\citytract.shp # NOT_USE_ALIAS "AREA "AREA" true true false 8 Double 0 0,First,#,citytract,AREA,-1,-1;PERIMETER "PERIMETER" true true false 8 Double 0 0,First,#,citytract,PERIMETER,-1,-1;CITYTRT0_ "CITYTRT0_" true true false 4 Long 0 0,First,#,citytract,CITYTRT0_,-1,-1;CITYTRT0_ID "CITYTRT0_ID" true true false 4 Long 0 0,First,#,citytract,CITYTRT0_ID,-1,-1;CNTYBNA "CNTYBNA" true true false 10 Text 0 0,First,#,citytract,CNTYBNA,0,10;IDINDEX "IDINDEX" true true false 4 Long 0 0,First,#,citytract,IDINDEX,-1,-1;FACTOR1 "FACTOR1" true true false 4 Float 0 0,First,#,citytract,FACTOR1,-1,-1;FACTOR2 "FACTOR2" true true false 4 Float 0 0,First,#,citytract,FACTOR2,-1,-1;FACTOR3 "FACTOR3" true true false 4 Float 0 0,First,#,citytract,FACTOR3,-1,-1;JA "JA" true true false 4 Float 0 0,First,#,citytract,JA,-1,-1;CT89_91 "CT89_91" true true false 4 Long 0 0,First,#,citytract,CT89_91,-1,-1;COMM "COMM" true true false 4 Long 0 0,First,#,citytract,COMM,-1,-1;POPU "POPU" true true false 4 Long 0 0,First,#,citytract,POPU,-1,-1;HomiRate "HomiRate" true true false 8 Double 0 0,First,#,citytract,HomiRate,-1,-1;LnHomiRate "LnHomiRate" true true false 8 Double 0 0,First,#,citytract,LnHomiRate,-1,-1;Shape_Length "Shape_Length" false true true 8 Double 0 0,First,#,citytract,Shape_Length,-1,-1;Shape_Area "Shape_Area" false true true 8 Double 0 0,First,#,citytract,Shape_Area,-1,-1" #</Process><Process ToolSource="c:\program files\arcgis\pro\Resources\ArcToolbox\toolboxes\Data Management Tools.tbx\DeleteField" Date="20230224" Time="142957">DeleteField citytract HomiRate;LnHomiRate "Delete Fields"</Process></lineage></DataProperties><ArcGISFormat>1.0</ArcGISFormat></Esri><idinfo><citation><citeinfo><onlink Sync="TRUE">\\PEKING\c\gis_quant_book\dataprep\chicago\citytrt</onlink><origin>REQUIRED: The name of an organization or individual that developed the data set.</origin><pubdate>REQUIRED: The date when the data set is published or otherwise made available for release.</pubdate><title Sync="TRUE">citytrt</title><ftname Sync="TRUE">citytrt</ftname><geoform Sync="TRUE">vector digital data</geoform></citeinfo></citation><native Sync="TRUE">Microsoft Windows XP Version 5.1 (Build 2600) Service Pack 1; ESRI ArcCatalog 9.0.0.535</native><descript><langdata Sync="TRUE">en</langdata><abstract>REQUIRED: A brief narrative summary of the data set.</abstract><purpose>REQUIRED: A summary of the intentions with which the data set was developed.</purpose></descript><timeperd><current>REQUIRED: The basis on which the time period of content information is determined.</current><timeinfo><sngdate><caldate>REQUIRED: The year (and optionally month, or month and day) for which the data set corresponds to the ground.</caldate></sngdate></timeinfo></timeperd><status><progress>REQUIRED: The state of the data set.</progress><update>REQUIRED: The frequency with which changes and additions are made to the data set after the initial data set is completed.</update></status><spdom><bounding><westbc Sync="TRUE">-87.864264</westbc><eastbc Sync="TRUE">-87.519900</eastbc><northbc Sync="TRUE">42.024443</northbc><southbc Sync="TRUE">41.643824</southbc></bounding><lboundng><leftbc Sync="TRUE">339076.655293</leftbc><rightbc Sync="TRUE">367368.368532</rightbc><bottombc Sync="TRUE">552859.079194</bottombc><topbc Sync="TRUE">594925.216442</topbc></lboundng></spdom><keywords><theme><themekt>REQUIRED: Reference to a formally registered thesaurus or a similar authoritative source of theme keywords.</themekt><themekey>REQUIRED: Common-use word or phrase used to describe the subject of the data set.</themekey></theme></keywords><accconst>REQUIRED: Restrictions and legal prerequisites for accessing the data set.</accconst><useconst>REQUIRED: Restrictions and legal prerequisites for using the data set after access is granted.</useconst><natvform Sync="TRUE">ArcInfo Coverage</natvform></idinfo><distInfo><distributor><distorTran><onLineSrc><linkage Sync="TRUE">file://\\PEKING\c\gis_quant_book\dataprep\chicago\citytrt</linkage><protocol Sync="TRUE">Local Area Network</protocol><orDesc Sync="TRUE">002</orDesc></onLineSrc><transSize Sync="TRUE">0.524</transSize></distorTran><distorFormat><formatName Sync="TRUE">ArcInfo Coverage</formatName></distorFormat></distributor><distFormat><formatName Sync="TRUE">Shapefile</formatName></distFormat><distTranOps><transSize Sync="TRUE">0.000</transSize></distTranOps></distInfo><dataqual><lineage><procstep><procdesc Sync="TRUE">Dataset copied.</procdesc><srcused Sync="TRUE">d:\chicago\stytrt</srcused><date Sync="TRUE">20050429</date><time Sync="TRUE">12483000</time></procstep></lineage></dataqual><dataIdInfo><envirDesc Sync="TRUE">Microsoft Windows 10 Version 10.0 (Build 22621) ; Esri ArcGIS 13.0.2.36056</envirDesc><dataLang><languageCode Sync="TRUE" value="eng"></languageCode><countryCode value="USA" Sync="TRUE"></countryCode></dataLang><idCitation><resTitle Sync="TRUE">citytract</resTitle><presForm><PresFormCd Sync="TRUE" value="005"></PresFormCd></presForm></idCitation><spatRpType><SpatRepTypCd Sync="TRUE" value="001"></SpatRepTypCd></spatRpType><dataExt><geoEle><GeoBndBox esriExtentType="native"><westBL Sync="TRUE">339076.655293</westBL><eastBL Sync="TRUE">367368.368532</eastBL><northBL Sync="TRUE">594925.216442</northBL><southBL Sync="TRUE">552859.079194</southBL><exTypeCode Sync="TRUE">1</exTypeCode></GeoBndBox></geoEle></dataExt><geoBox esriExtentType="decdegrees"><westBL Sync="TRUE">-87.864264</westBL><eastBL Sync="TRUE">-87.5199</eastBL><northBL Sync="TRUE">42.024443</northBL><southBL Sync="TRUE">41.643824</southBL><exTypeCode Sync="TRUE">1</exTypeCode></geoBox></dataIdInfo><metainfo><langmeta Sync="TRUE">en</langmeta><metstdn Sync="TRUE">FGDC Content Standards for Digital Geospatial Metadata</metstdn><metstdv Sync="TRUE">FGDC-STD-001-1998</metstdv><mettc Sync="TRUE">local time</mettc><metc><cntinfo><cntorgp><cntper>REQUIRED: The person responsible for the metadata information.</cntper><cntorg>REQUIRED: The organization responsible for the metadata information.</cntorg></cntorgp><cntaddr><addrtype>REQUIRED: The mailing and/or physical address for the organization or individual.</addrtype><city>REQUIRED: The city of the address.</city><state>REQUIRED: The state or province of the address.</state><postal>REQUIRED: The ZIP or other postal code of the address.</postal></cntaddr><cntvoice>REQUIRED: The telephone number by which individuals can speak to the organization or individual.</cntvoice></cntinfo></metc><metd Sync="TRUE">20050429</metd></metainfo><mdLang><languageCode Sync="TRUE" value="eng"></languageCode><countryCode value="USA" Sync="TRUE"></countryCode></mdLang><mdStanName Sync="TRUE">ISO 19115 Geographic Information - Metadata</mdStanName><mdStanVer Sync="TRUE">DIS_ESRI1.0</mdStanVer><mdChar><CharSetCd Sync="TRUE" value="004"></CharSetCd></mdChar><mdHrLv><ScopeCd Sync="TRUE" value="005"></ScopeCd></mdHrLv><mdHrLvName Sync="TRUE">dataset</mdHrLvName><distinfo><resdesc Sync="TRUE">Downloadable Data</resdesc><stdorder><digform><digtinfo><transize Sync="TRUE">0.524</transize><dssize Sync="TRUE">0.524</dssize></digtinfo></digform></stdorder></distinfo><spdoinfo><direct Sync="TRUE">Vector</direct><ptvctinf><esriterm Name="citytract"><efeatyp Sync="TRUE">Simple</efeatyp><efeageom code="4" Sync="TRUE"></efeageom><esritopo Sync="TRUE">FALSE</esritopo><efeacnt Sync="TRUE">0</efeacnt><spindex Sync="TRUE">FALSE</spindex><linrefer Sync="TRUE">FALSE</linrefer></esriterm></ptvctinf></spdoinfo><spref><horizsys><cordsysn><geogcsn Sync="TRUE">GCS_North_American_1983</geogcsn><projcsn Sync="TRUE">NAD_1983_StatePlane_Illinois_East_FIPS_1201</projcsn></cordsysn><planar><planci><plance Sync="TRUE">coordinate pair</plance><plandu Sync="TRUE">meters</plandu><coordrep><absres Sync="TRUE">0.000064</absres><ordres Sync="TRUE">0.000064</ordres></coordrep></planci></planar><geodetic><horizdn Sync="TRUE">North American Datum of 1983</horizdn><ellips Sync="TRUE">Geodetic Reference System 80</ellips><semiaxis Sync="TRUE">6378137.000000</semiaxis><denflat Sync="TRUE">298.257222</denflat></geodetic></horizsys></spref><refSysInfo><RefSystem><refSysID><identCode Sync="TRUE" code="26971">NAD_1983_StatePlane_Illinois_East_FIPS_1201</identCode><idCodeSpace Sync="TRUE">EPSG</idCodeSpace><idVersion Sync="TRUE">4.5(3.0.1)</idVersion></refSysID></RefSystem></refSysInfo><spatRepInfo><VectSpatRep><geometObjs Name="citytract"><geoObjTyp><GeoObjTypCd value="002" Sync="TRUE"></GeoObjTypCd></geoObjTyp><geoObjCnt Sync="TRUE">0</geoObjCnt></geometObjs><topLvl><TopoLevCd value="001" Sync="TRUE"></TopoLevCd></topLvl></VectSpatRep></spatRepInfo><eainfo><detailed Name="citytract"><enttyp><enttypl Sync="TRUE">citytract</enttypl><enttypt Sync="TRUE">Feature Class</enttypt><enttypc Sync="TRUE">0</enttypc></enttyp><attr><attrlabl Sync="TRUE">FID</attrlabl><attalias Sync="TRUE">FID</attalias><attrtype Sync="TRUE">OID</attrtype><attwidth Sync="TRUE">4</attwidth><atprecis Sync="TRUE">0</atprecis><attscale Sync="TRUE">0</attscale><attrdef Sync="TRUE">Internal feature number.</attrdef><attrdefs Sync="TRUE">Esri</attrdefs><attrdomv><udom Sync="TRUE">Sequential unique whole numbers that are automatically generated.</udom></attrdomv></attr><attr><attrlabl Sync="TRUE">Shape</attrlabl><attalias Sync="TRUE">Shape</attalias><attrtype Sync="TRUE">Geometry</attrtype><attwidth Sync="TRUE">0</attwidth><atprecis Sync="TRUE">0</atprecis><attscale Sync="TRUE">0</attscale><attrdef Sync="TRUE">Feature geometry.</attrdef><attrdefs Sync="TRUE">ESRI</attrdefs><attrdomv><udom Sync="TRUE">Coordinates defining the features.</udom></attrdomv></attr><attr><attrlabl Sync="TRUE">AREA</attrlabl><attwidth Sync="TRUE">19</attwidth><atoutwid Sync="TRUE">18</atoutwid><attrtype Sync="TRUE">Double</attrtype><attrdef Sync="TRUE">Area of feature in internal units squared.</attrdef><attrdefs Sync="TRUE">ESRI</attrdefs><attrdomv><udom Sync="TRUE">Positive real numbers that are automatically generated.</udom></attrdomv><attalias Sync="TRUE">AREA</attalias><atprecis Sync="TRUE">0</atprecis><attscale Sync="TRUE">0</attscale></attr><attr><attrlabl Sync="TRUE">PERIMETER</attrlabl><attwidth Sync="TRUE">19</attwidth><atoutwid Sync="TRUE">18</atoutwid><attrtype Sync="TRUE">Double</attrtype><attrdef Sync="TRUE">Perimeter of feature in internal units.</attrdef><attrdefs Sync="TRUE">ESRI</attrdefs><attrdomv><udom Sync="TRUE">Positive real numbers that are automatically generated.</udom></attrdomv><attalias Sync="TRUE">PERIMETER</attalias><atprecis Sync="TRUE">0</atprecis><attscale Sync="TRUE">0</attscale></attr><attr><attrlabl Sync="TRUE">CITYTRT0_</attrlabl><attalias Sync="TRUE">CITYTRT0_</attalias><attrtype Sync="TRUE">Integer</attrtype><attwidth Sync="TRUE">10</attwidth><atprecis Sync="TRUE">10</atprecis><attscale Sync="TRUE">0</attscale></attr><attr><attrlabl Sync="TRUE">CITYTRT0_I</attrlabl><attalias Sync="TRUE">CITYTRT0_I</attalias><attrtype Sync="TRUE">Integer</attrtype><attwidth Sync="TRUE">10</attwidth><atprecis Sync="TRUE">10</atprecis><attscale Sync="TRUE">0</attscale></attr><attr><attrlabl Sync="TRUE">CNTYBNA</attrlabl><attwidth Sync="TRUE">10</attwidth><atoutwid Sync="TRUE">10</atoutwid><attrtype Sync="TRUE">String</attrtype><attalias Sync="TRUE">CNTYBNA</attalias><atprecis Sync="TRUE">0</atprecis><attscale Sync="TRUE">0</attscale></attr><attr><attrlabl Sync="TRUE">IDINDEX</attrlabl><attwidth Sync="TRUE">10</attwidth><atoutwid Sync="TRUE">4</atoutwid><attrtype Sync="TRUE">Integer</attrtype><attalias Sync="TRUE">IDINDEX</attalias><atprecis Sync="TRUE">10</atprecis><attscale Sync="TRUE">0</attscale></attr><attr><attrlabl Sync="TRUE">FACTOR1</attrlabl><attwidth Sync="TRUE">13</attwidth><atoutwid Sync="TRUE">8</atoutwid><attrtype Sync="TRUE">Single</attrtype><attalias Sync="TRUE">FACTOR1</attalias><atprecis Sync="TRUE">0</atprecis><attscale Sync="TRUE">0</attscale></attr><attr><attrlabl Sync="TRUE">FACTOR2</attrlabl><attwidth Sync="TRUE">13</attwidth><atoutwid Sync="TRUE">8</atoutwid><attrtype Sync="TRUE">Single</attrtype><attalias Sync="TRUE">FACTOR2</attalias><atprecis Sync="TRUE">0</atprecis><attscale Sync="TRUE">0</attscale></attr><attr><attrlabl Sync="TRUE">FACTOR3</attrlabl><attwidth Sync="TRUE">13</attwidth><atoutwid Sync="TRUE">8</atoutwid><attrtype Sync="TRUE">Single</attrtype><attalias Sync="TRUE">FACTOR3</attalias><atprecis Sync="TRUE">0</atprecis><attscale Sync="TRUE">0</attscale></attr><attr><attrlabl Sync="TRUE">JA</attrlabl><attwidth Sync="TRUE">13</attwidth><atoutwid Sync="TRUE">8</atoutwid><attrtype Sync="TRUE">Single</attrtype><attalias Sync="TRUE">JA</attalias><atprecis Sync="TRUE">0</atprecis><attscale Sync="TRUE">0</attscale></attr><attr><attrlabl Sync="TRUE">CT89_91</attrlabl><attwidth Sync="TRUE">10</attwidth><atoutwid Sync="TRUE">4</atoutwid><attrtype Sync="TRUE">Integer</attrtype><attalias Sync="TRUE">CT89_91</attalias><atprecis Sync="TRUE">10</atprecis><attscale Sync="TRUE">0</attscale></attr><attr><attrlabl Sync="TRUE">COMM</attrlabl><attwidth Sync="TRUE">10</attwidth><atoutwid Sync="TRUE">4</atoutwid><attrtype Sync="TRUE">Integer</attrtype><attalias Sync="TRUE">COMM</attalias><atprecis Sync="TRUE">10</atprecis><attscale Sync="TRUE">0</attscale></attr><attr><attrlabl Sync="TRUE">POPU</attrlabl><attwidth Sync="TRUE">10</attwidth><atoutwid Sync="TRUE">8</atoutwid><attrtype Sync="TRUE">Integer</attrtype><attalias Sync="TRUE">POPU</attalias><atprecis Sync="TRUE">10</atprecis><attscale Sync="TRUE">0</attscale></attr><attr><attrlabl Sync="TRUE">HomiRate</attrlabl><attalias Sync="TRUE">HomiRate</attalias><attrtype Sync="TRUE">Double</attrtype><attwidth Sync="TRUE">19</attwidth><atprecis Sync="TRUE">0</atprecis><attscale Sync="TRUE">0</attscale></attr><attr><attrlabl Sync="TRUE">LnHomiRate</attrlabl><attalias Sync="TRUE">LnHomiRate</attalias><attrtype Sync="TRUE">Double</attrtype><attwidth Sync="TRUE">19</attwidth><atprecis Sync="TRUE">0</atprecis><attscale Sync="TRUE">0</attscale></attr><attr><attrlabl Sync="TRUE">Shape_Leng</attrlabl><attalias Sync="TRUE">Shape_Leng</attalias><attrtype Sync="TRUE">Double</attrtype><attwidth Sync="TRUE">19</attwidth><atprecis Sync="TRUE">0</atprecis><attscale Sync="TRUE">0</attscale></attr><attr><attrlabl Sync="TRUE">Shape_Area</attrlabl><attalias Sync="TRUE">Shape_Area</attalias><attrtype Sync="TRUE">Double</attrtype><attwidth Sync="TRUE">19</attwidth><atprecis Sync="TRUE">0</atprecis><attscale Sync="TRUE">0</attscale><attrdef Sync="TRUE">Area of feature in internal units squared.</attrdef><attrdefs Sync="TRUE">Esri</attrdefs><attrdomv><udom Sync="TRUE">Positive real numbers that are automatically generated.</udom></attrdomv></attr></detailed></eainfo><mdDateSt Sync="TRUE">20230224</mdDateSt></metadata>
