<metadata xml:lang="zh"><Esri><CreaDate>20221222</CreaDate><CreaTime>10515100</CreaTime><ArcGISFormat>1.0</ArcGISFormat><SyncOnce>FALSE</SyncOnce><DataProperties><itemProps><itemName Sync="TRUE">MSAcounty</itemName><imsContentType Sync="TRUE">002</imsContentType><itemLocation><linkage Sync="TRUE">file://\\UIL\E$\KNIME\CMGISV3\Chp05\data\MSAcounty.shp</linkage><protocol Sync="TRUE">Local Area Network</protocol></itemLocation><itemSize Sync="TRUE">0.000</itemSize></itemProps><coordRef><type Sync="TRUE">Geographic</type><geogcsn Sync="TRUE">GCS_North_American_1983</geogcsn><csUnits Sync="TRUE">Angular Unit: Degree (0.017453)</csUnits><peXml Sync="TRUE">&lt;GeographicCoordinateSystem xsi:type='typens:GeographicCoordinateSystem' xmlns:xsi='http://www.w3.org/2001/XMLSchema-instance' xmlns:xs='http://www.w3.org/2001/XMLSchema' xmlns:typens='http://www.esri.com/schemas/ArcGIS/3.0.0'&gt;&lt;WKT&gt;GEOGCS[&amp;quot;GCS_North_American_1983&amp;quot;,DATUM[&amp;quot;D_North_American_1983&amp;quot;,SPHEROID[&amp;quot;GRS_1980&amp;quot;,6378137.0,298.257222101]],PRIMEM[&amp;quot;Greenwich&amp;quot;,0.0],UNIT[&amp;quot;Degree&amp;quot;,0.0174532925199433],AUTHORITY[&amp;quot;EPSG&amp;quot;,4269]]&lt;/WKT&gt;&lt;XOrigin&gt;-400&lt;/XOrigin&gt;&lt;YOrigin&gt;-400&lt;/YOrigin&gt;&lt;XYScale&gt;11258999068426.238&lt;/XYScale&gt;&lt;ZOrigin&gt;-100000&lt;/ZOrigin&gt;&lt;ZScale&gt;10000&lt;/ZScale&gt;&lt;MOrigin&gt;-100000&lt;/MOrigin&gt;&lt;MScale&gt;10000&lt;/MScale&gt;&lt;XYTolerance&gt;8.983152841195215e-09&lt;/XYTolerance&gt;&lt;ZTolerance&gt;0.001&lt;/ZTolerance&gt;&lt;MTolerance&gt;0.001&lt;/MTolerance&gt;&lt;HighPrecision&gt;true&lt;/HighPrecision&gt;&lt;LeftLongitude&gt;-180&lt;/LeftLongitude&gt;&lt;WKID&gt;4269&lt;/WKID&gt;&lt;LatestWKID&gt;4269&lt;/LatestWKID&gt;&lt;/GeographicCoordinateSystem&gt;</peXml></coordRef><lineage><Process ToolSource="c:\program files\arcgis\pro\Resources\ArcToolbox\toolboxes\Conversion Tools.tbx\FeatureClassToFeatureClass" Date="20220309" Time="102524">FeatureClassToFeatureClass tl_2020_us_county E:\CMS_GISV3\Case05\Case05\Case05.gdb BRMSA # "STATEFP "STATEFP" true true false 2 Text 0 0,First,#,tl_2020_us_county,STATEFP,0,2;COUNTYFP "COUNTYFP" true true false 3 Text 0 0,First,#,tl_2020_us_county,COUNTYFP,0,3;COUNTYNS "COUNTYNS" true true false 8 Text 0 0,First,#,tl_2020_us_county,COUNTYNS,0,8;GEOID "GEOID" true true false 5 Text 0 0,First,#,tl_2020_us_county,GEOID,0,5;NAME "NAME" true true false 100 Text 0 0,First,#,tl_2020_us_county,NAME,0,100;NAMELSAD "NAMELSAD" true true false 100 Text 0 0,First,#,tl_2020_us_county,NAMELSAD,0,100;LSAD "LSAD" true true false 2 Text 0 0,First,#,tl_2020_us_county,LSAD,0,2;CLASSFP "CLASSFP" true true false 2 Text 0 0,First,#,tl_2020_us_county,CLASSFP,0,2;MTFCC "MTFCC" true true false 5 Text 0 0,First,#,tl_2020_us_county,MTFCC,0,5;CSAFP "CSAFP" true true false 3 Text 0 0,First,#,tl_2020_us_county,CSAFP,0,3;CBSAFP "CBSAFP" true true false 5 Text 0 0,First,#,tl_2020_us_county,CBSAFP,0,5;METDIVFP "METDIVFP" true true false 5 Text 0 0,First,#,tl_2020_us_county,METDIVFP,0,5;FUNCSTAT "FUNCSTAT" true true false 1 Text 0 0,First,#,tl_2020_us_county,FUNCSTAT,0,1;ALAND "ALAND" true true false 14 Double 0 14,First,#,tl_2020_us_county,ALAND,-1,-1;AWATER "AWATER" true true false 14 Double 0 14,First,#,tl_2020_us_county,AWATER,-1,-1;INTPTLAT "INTPTLAT" true true false 11 Text 0 0,First,#,tl_2020_us_county,INTPTLAT,0,11;INTPTLON "INTPTLON" true true false 12 Text 0 0,First,#,tl_2020_us_county,INTPTLON,0,12" #</Process><Process ToolSource="c:\program files\arcgis\pro\Resources\ArcToolbox\toolboxes\Conversion Tools.tbx\FeatureClassToFeatureClass" Date="20220311" Time="150833">FeatureClassToFeatureClass BRMSA E:\CMS_GISV3\Case05\Case05\BRMSAcensus.gdb MSACounty20 # "STATEFP "STATEFP" true true false 2 Text 0 0,First,#,BRMSA,STATEFP,0,2;COUNTYFP "COUNTYFP" true true false 3 Text 0 0,First,#,BRMSA,COUNTYFP,0,3;COUNTYNS "COUNTYNS" true true false 8 Text 0 0,First,#,BRMSA,COUNTYNS,0,8;GEOID "GEOID" true true false 5 Text 0 0,First,#,BRMSA,GEOID,0,5;NAME "NAME" true true false 100 Text 0 0,First,#,BRMSA,NAME,0,100;NAMELSAD "NAMELSAD" true true false 100 Text 0 0,First,#,BRMSA,NAMELSAD,0,100;LSAD "LSAD" true true false 2 Text 0 0,First,#,BRMSA,LSAD,0,2;CLASSFP "CLASSFP" true true false 2 Text 0 0,First,#,BRMSA,CLASSFP,0,2;MTFCC "MTFCC" true true false 5 Text 0 0,First,#,BRMSA,MTFCC,0,5;CSAFP "CSAFP" true true false 3 Text 0 0,First,#,BRMSA,CSAFP,0,3;CBSAFP "CBSAFP" true true false 5 Text 0 0,First,#,BRMSA,CBSAFP,0,5;METDIVFP "METDIVFP" true true false 5 Text 0 0,First,#,BRMSA,METDIVFP,0,5;FUNCSTAT "FUNCSTAT" true true false 1 Text 0 0,First,#,BRMSA,FUNCSTAT,0,1;ALAND "ALAND" true true false 8 Double 0 0,First,#,BRMSA,ALAND,-1,-1;AWATER "AWATER" true true false 8 Double 0 0,First,#,BRMSA,AWATER,-1,-1;INTPTLAT "INTPTLAT" true true false 11 Text 0 0,First,#,BRMSA,INTPTLAT,0,11;INTPTLON "INTPTLON" true true false 12 Text 0 0,First,#,BRMSA,INTPTLON,0,12;Shape_Length "Shape_Length" false true true 8 Double 0 0,First,#,BRMSA,Shape_Length,-1,-1;Shape_Area "Shape_Area" false true true 8 Double 0 0,First,#,BRMSA,Shape_Area,-1,-1" #</Process><Process ToolSource="c:\program files\arcgis\pro\Resources\ArcToolbox\Toolboxes\Data Management Tools.tbx\CopyMultiple" Date="20221222" Time="105151">CopyMultiple "E:\CMS_GISV3\Case05\Case05\BRMSAcensus.gdb\MSACounty20 FeatureClass" E:\CMS_GISV3\Case05new\Case2SVCA.gdb MSACounty20 "MSACounty20 FeatureClass MSACounty20 #"</Process><Process ToolSource="c:\program files\arcgis\pro\Resources\ArcToolbox\Toolboxes\Data Management Tools.tbx\Rename" Date="20221222" Time="105201">Rename E:\CMS_GISV3\Case05new\Case2SVCA.gdb\MSACounty20 E:\CMS_GISV3\Case05new\Case2SVCA.gdb\MSAcounty FeatureClass</Process><Process ToolSource="c:\program files\arcgis\pro\Resources\ArcToolbox\toolboxes\Conversion Tools.tbx\ExportFeatures" Date="20230623" Time="133724">ExportFeatures E:\CMS_GISV3\Case05new\Case2SVCA.gdb\MSAcounty E:\KNIME\CMGISV3\Chp05\data\MSAcounty.shp # NOT_USE_ALIAS "STATEFP "STATEFP" true true false 2 Text 0 0,First,#,E:\CMS_GISV3\Case05new\Case2SVCA.gdb\MSAcounty,STATEFP,0,2;COUNTYFP "COUNTYFP" true true false 3 Text 0 0,First,#,E:\CMS_GISV3\Case05new\Case2SVCA.gdb\MSAcounty,COUNTYFP,0,3;COUNTYNS "COUNTYNS" true true false 8 Text 0 0,First,#,E:\CMS_GISV3\Case05new\Case2SVCA.gdb\MSAcounty,COUNTYNS,0,8;GEOID "GEOID" true true false 5 Text 0 0,First,#,E:\CMS_GISV3\Case05new\Case2SVCA.gdb\MSAcounty,GEOID,0,5;NAME "NAME" true true false 100 Text 0 0,First,#,E:\CMS_GISV3\Case05new\Case2SVCA.gdb\MSAcounty,NAME,0,100;NAMELSAD "NAMELSAD" true true false 100 Text 0 0,First,#,E:\CMS_GISV3\Case05new\Case2SVCA.gdb\MSAcounty,NAMELSAD,0,100;LSAD "LSAD" true true false 2 Text 0 0,First,#,E:\CMS_GISV3\Case05new\Case2SVCA.gdb\MSAcounty,LSAD,0,2;CLASSFP "CLASSFP" true true false 2 Text 0 0,First,#,E:\CMS_GISV3\Case05new\Case2SVCA.gdb\MSAcounty,CLASSFP,0,2;MTFCC "MTFCC" true true false 5 Text 0 0,First,#,E:\CMS_GISV3\Case05new\Case2SVCA.gdb\MSAcounty,MTFCC,0,5;CSAFP "CSAFP" true true false 3 Text 0 0,First,#,E:\CMS_GISV3\Case05new\Case2SVCA.gdb\MSAcounty,CSAFP,0,3;CBSAFP "CBSAFP" true true false 5 Text 0 0,First,#,E:\CMS_GISV3\Case05new\Case2SVCA.gdb\MSAcounty,CBSAFP,0,5;METDIVFP "METDIVFP" true true false 5 Text 0 0,First,#,E:\CMS_GISV3\Case05new\Case2SVCA.gdb\MSAcounty,METDIVFP,0,5;FUNCSTAT "FUNCSTAT" true true false 1 Text 0 0,First,#,E:\CMS_GISV3\Case05new\Case2SVCA.gdb\MSAcounty,FUNCSTAT,0,1;ALAND "ALAND" true true false 8 Double 0 0,First,#,E:\CMS_GISV3\Case05new\Case2SVCA.gdb\MSAcounty,ALAND,-1,-1;AWATER "AWATER" true true false 8 Double 0 0,First,#,E:\CMS_GISV3\Case05new\Case2SVCA.gdb\MSAcounty,AWATER,-1,-1;INTPTLAT "INTPTLAT" true true false 11 Text 0 0,First,#,E:\CMS_GISV3\Case05new\Case2SVCA.gdb\MSAcounty,INTPTLAT,0,11;INTPTLON "INTPTLON" true true false 12 Text 0 0,First,#,E:\CMS_GISV3\Case05new\Case2SVCA.gdb\MSAcounty,INTPTLON,0,12;Shape_Length "Shape_Length" false true true 8 Double 0 0,First,#,E:\CMS_GISV3\Case05new\Case2SVCA.gdb\MSAcounty,Shape_Length,-1,-1;Shape_Area "Shape_Area" false true true 8 Double 0 0,First,#,E:\CMS_GISV3\Case05new\Case2SVCA.gdb\MSAcounty,Shape_Area,-1,-1" #</Process></lineage></DataProperties><SyncDate>20230623</SyncDate><SyncTime>13372400</SyncTime><ModDate>20230623</ModDate><ModTime>13372400</ModTime></Esri><dataIdInfo><envirDesc Sync="TRUE">Microsoft Windows 10 Version 10.0 (Build 22621) ; Esri ArcGIS 13.0.2.36056</envirDesc><dataLang><languageCode value="eng" Sync="TRUE"></languageCode><countryCode value="USA" Sync="TRUE"></countryCode></dataLang><idCitation><resTitle Sync="TRUE">MSAcounty</resTitle><presForm><PresFormCd value="005" Sync="TRUE"></PresFormCd></presForm></idCitation><spatRpType><SpatRepTypCd value="001" Sync="TRUE"></SpatRepTypCd></spatRpType></dataIdInfo><mdLang><languageCode value="eng" Sync="TRUE"></languageCode><countryCode value="USA" Sync="TRUE"></countryCode></mdLang><distInfo><distFormat><formatName Sync="TRUE">Shapefile</formatName></distFormat><distTranOps><transSize Sync="TRUE">0.000</transSize></distTranOps></distInfo><mdHrLv><ScopeCd value="005" Sync="TRUE"></ScopeCd></mdHrLv><mdHrLvName Sync="TRUE">dataset</mdHrLvName><refSysInfo><RefSystem><refSysID><identCode code="4269" Sync="TRUE"></identCode><idCodeSpace Sync="TRUE">EPSG</idCodeSpace><idVersion Sync="TRUE">6.5(3.0.1)</idVersion></refSysID></RefSystem></refSysInfo><spatRepInfo><VectSpatRep><geometObjs Name="MSAcounty"><geoObjTyp><GeoObjTypCd value="002" Sync="TRUE"></GeoObjTypCd></geoObjTyp><geoObjCnt Sync="TRUE">0</geoObjCnt></geometObjs><topLvl><TopoLevCd value="001" Sync="TRUE"></TopoLevCd></topLvl></VectSpatRep></spatRepInfo><spdoinfo><ptvctinf><esriterm Name="MSAcounty"><efeatyp Sync="TRUE">Simple</efeatyp><efeageom code="4" Sync="TRUE"></efeageom><esritopo Sync="TRUE">FALSE</esritopo><efeacnt Sync="TRUE">0</efeacnt><spindex Sync="TRUE">FALSE</spindex><linrefer Sync="TRUE">FALSE</linrefer></esriterm></ptvctinf></spdoinfo><eainfo><detailed Name="MSAcounty"><enttyp><enttypl Sync="TRUE">MSAcounty</enttypl><enttypt Sync="TRUE">Feature Class</enttypt><enttypc Sync="TRUE">0</enttypc></enttyp><attr><attrlabl Sync="TRUE">FID</attrlabl><attalias Sync="TRUE">FID</attalias><attrtype Sync="TRUE">OID</attrtype><attwidth Sync="TRUE">4</attwidth><atprecis Sync="TRUE">0</atprecis><attscale Sync="TRUE">0</attscale><attrdef Sync="TRUE">Internal feature number.</attrdef><attrdefs Sync="TRUE">Esri</attrdefs><attrdomv><udom Sync="TRUE">Sequential unique whole numbers that are automatically generated.</udom></attrdomv></attr><attr><attrlabl Sync="TRUE">Shape</attrlabl><attalias Sync="TRUE">Shape</attalias><attrtype Sync="TRUE">Geometry</attrtype><attwidth Sync="TRUE">0</attwidth><atprecis Sync="TRUE">0</atprecis><attscale Sync="TRUE">0</attscale><attrdef Sync="TRUE">Feature geometry.</attrdef><attrdefs Sync="TRUE">Esri</attrdefs><attrdomv><udom Sync="TRUE">Coordinates defining the features.</udom></attrdomv></attr><attr><attrlabl Sync="TRUE">STATEFP</attrlabl><attalias Sync="TRUE">STATEFP</attalias><attrtype Sync="TRUE">String</attrtype><attwidth Sync="TRUE">2</attwidth><atprecis Sync="TRUE">0</atprecis><attscale Sync="TRUE">0</attscale></attr><attr><attrlabl Sync="TRUE">COUNTYFP</attrlabl><attalias Sync="TRUE">COUNTYFP</attalias><attrtype Sync="TRUE">String</attrtype><attwidth Sync="TRUE">3</attwidth><atprecis Sync="TRUE">0</atprecis><attscale Sync="TRUE">0</attscale></attr><attr><attrlabl Sync="TRUE">COUNTYNS</attrlabl><attalias Sync="TRUE">COUNTYNS</attalias><attrtype Sync="TRUE">String</attrtype><attwidth Sync="TRUE">8</attwidth><atprecis Sync="TRUE">0</atprecis><attscale Sync="TRUE">0</attscale></attr><attr><attrlabl Sync="TRUE">GEOID</attrlabl><attalias Sync="TRUE">GEOID</attalias><attrtype Sync="TRUE">String</attrtype><attwidth Sync="TRUE">5</attwidth><atprecis Sync="TRUE">0</atprecis><attscale Sync="TRUE">0</attscale></attr><attr><attrlabl Sync="TRUE">NAME</attrlabl><attalias Sync="TRUE">NAME</attalias><attrtype Sync="TRUE">String</attrtype><attwidth Sync="TRUE">100</attwidth><atprecis Sync="TRUE">0</atprecis><attscale Sync="TRUE">0</attscale></attr><attr><attrlabl Sync="TRUE">NAMELSAD</attrlabl><attalias Sync="TRUE">NAMELSAD</attalias><attrtype Sync="TRUE">String</attrtype><attwidth Sync="TRUE">100</attwidth><atprecis Sync="TRUE">0</atprecis><attscale Sync="TRUE">0</attscale></attr><attr><attrlabl Sync="TRUE">LSAD</attrlabl><attalias Sync="TRUE">LSAD</attalias><attrtype Sync="TRUE">String</attrtype><attwidth Sync="TRUE">2</attwidth><atprecis Sync="TRUE">0</atprecis><attscale Sync="TRUE">0</attscale></attr><attr><attrlabl Sync="TRUE">CLASSFP</attrlabl><attalias Sync="TRUE">CLASSFP</attalias><attrtype Sync="TRUE">String</attrtype><attwidth Sync="TRUE">2</attwidth><atprecis Sync="TRUE">0</atprecis><attscale Sync="TRUE">0</attscale></attr><attr><attrlabl Sync="TRUE">MTFCC</attrlabl><attalias Sync="TRUE">MTFCC</attalias><attrtype Sync="TRUE">String</attrtype><attwidth Sync="TRUE">5</attwidth><atprecis Sync="TRUE">0</atprecis><attscale Sync="TRUE">0</attscale></attr><attr><attrlabl Sync="TRUE">CSAFP</attrlabl><attalias Sync="TRUE">CSAFP</attalias><attrtype Sync="TRUE">String</attrtype><attwidth Sync="TRUE">3</attwidth><atprecis Sync="TRUE">0</atprecis><attscale Sync="TRUE">0</attscale></attr><attr><attrlabl Sync="TRUE">CBSAFP</attrlabl><attalias Sync="TRUE">CBSAFP</attalias><attrtype Sync="TRUE">String</attrtype><attwidth Sync="TRUE">5</attwidth><atprecis Sync="TRUE">0</atprecis><attscale Sync="TRUE">0</attscale></attr><attr><attrlabl Sync="TRUE">METDIVFP</attrlabl><attalias Sync="TRUE">METDIVFP</attalias><attrtype Sync="TRUE">String</attrtype><attwidth Sync="TRUE">5</attwidth><atprecis Sync="TRUE">0</atprecis><attscale Sync="TRUE">0</attscale></attr><attr><attrlabl Sync="TRUE">FUNCSTAT</attrlabl><attalias Sync="TRUE">FUNCSTAT</attalias><attrtype Sync="TRUE">String</attrtype><attwidth Sync="TRUE">1</attwidth><atprecis Sync="TRUE">0</atprecis><attscale Sync="TRUE">0</attscale></attr><attr><attrlabl Sync="TRUE">ALAND</attrlabl><attalias Sync="TRUE">ALAND</attalias><attrtype Sync="TRUE">Double</attrtype><attwidth Sync="TRUE">19</attwidth><atprecis Sync="TRUE">0</atprecis><attscale Sync="TRUE">0</attscale></attr><attr><attrlabl Sync="TRUE">AWATER</attrlabl><attalias Sync="TRUE">AWATER</attalias><attrtype Sync="TRUE">Double</attrtype><attwidth Sync="TRUE">19</attwidth><atprecis Sync="TRUE">0</atprecis><attscale Sync="TRUE">0</attscale></attr><attr><attrlabl Sync="TRUE">INTPTLAT</attrlabl><attalias Sync="TRUE">INTPTLAT</attalias><attrtype Sync="TRUE">String</attrtype><attwidth Sync="TRUE">11</attwidth><atprecis Sync="TRUE">0</atprecis><attscale Sync="TRUE">0</attscale></attr><attr><attrlabl Sync="TRUE">INTPTLON</attrlabl><attalias Sync="TRUE">INTPTLON</attalias><attrtype Sync="TRUE">String</attrtype><attwidth Sync="TRUE">12</attwidth><atprecis Sync="TRUE">0</atprecis><attscale Sync="TRUE">0</attscale></attr><attr><attrlabl Sync="TRUE">Shape_Leng</attrlabl><attalias Sync="TRUE">Shape_Leng</attalias><attrtype Sync="TRUE">Double</attrtype><attwidth Sync="TRUE">19</attwidth><atprecis Sync="TRUE">0</atprecis><attscale Sync="TRUE">0</attscale></attr><attr><attrlabl Sync="TRUE">Shape_Area</attrlabl><attalias Sync="TRUE">Shape_Area</attalias><attrtype Sync="TRUE">Double</attrtype><attwidth Sync="TRUE">19</attwidth><atprecis Sync="TRUE">0</atprecis><attscale Sync="TRUE">0</attscale><attrdef Sync="TRUE">Area of feature in internal units squared.</attrdef><attrdefs Sync="TRUE">Esri</attrdefs><attrdomv><udom Sync="TRUE">Positive real numbers that are automatically generated.</udom></attrdomv></attr></detailed></eainfo><mdDateSt Sync="TRUE">20230623</mdDateSt></metadata>
