"Origin ID","Destination ID","Duration","Distance","Origin snap distance","Destination snap distance"
1,1,11.7153,17788.5659,188.8322,502.6552
1,2,5.4619,7019.8493,188.8322,80.7594
1,3,17.518,18432.5328,188.8322,87.6054
1,4,15.4715,20791.1264,188.8322,161.5849
1,5,10.4804,15686.5433,188.8322,159.266
2,1,13.9005,16192.562,106.0558,502.6552
2,2,7.6471,7277.1847,106.0558,80.7594
2,3,19.2196,20164.2141,106.0558,87.6054
2,4,14.3703,18874.4187,106.0558,161.5849
2,5,12.6657,14090.5394,106.0558,159.266
3,1,12.6333,17178.0223,269.2662,502.6552
3,2,6.3799,6409.3057,269.2662,80.7594
3,3,18.5587,19365.9207,269.2662,87.6054
3,4,15.0358,19942.7946,269.2662,161.5849
3,5,11.3984,15075.9997,269.2662,159.266
4,1,13.6957,15465.2505,118.2071,502.6552
4,2,6.977,6549.8732,118.2071,80.7594
4,3,19.9943,20891.5256,118.2071,87.6054
4,4,13.9201,18187.6068,118.2071,161.5849
4,5,12.4608,13363.2279,118.2071,159.266
5,1,12.6012,14515.3542,271.7865,502.6552
5,2,8.1301,7753.0405,271.7865,80.7594
5,3,19.9118,21157.7152,271.7865,87.6054
5,4,12.4999,17040.5615,271.7865,161.5849
5,5,11.3664,13329.6369,271.7865,159.266
6,1,12.8611,14573.1522,25.053,502.6552
6,2,7.1394,6702.3103,25.053,80.7594
6,3,21.1546,21980.7731,25.053,87.6054
6,4,12.7598,17098.3594,25.053,161.5849
6,5,11.6262,13324.0637,25.053,159.266
7,1,12.3487,13951.6468,238.2248,502.6552
7,2,6.8794,6458.3046,238.2248,80.7594
7,3,21.1625,22452.4511,238.2248,87.6054
7,4,12.2474,16476.854,238.2248,161.5849
7,5,11.1138,12457.7202,238.2248,159.266
8,1,11.3326,16129.9335,99.0528,502.6552
8,2,5.0792,5361.2169,99.0528,80.7594
8,3,18.7951,20221.6795,99.0528,87.6054
8,4,15.0889,19482.3815,99.0528,161.5849
8,5,10.0978,14027.9109,99.0528,159.266
9,1,11.1291,16773.732,302.9282,502.6552
9,2,4.8757,6005.0155,302.9282,80.7594
9,3,18.5916,19572.9996,302.9282,87.6054
9,4,14.8854,20131.0614,302.9282,161.5849
9,5,9.8942,14671.7094,302.9282,159.266
10,1,12.6172,15554.1332,309.5319,502.6552
10,2,6.3001,5914.437,309.5319,80.7594
10,3,20.0796,21297.0571,309.5319,87.6054
10,4,14.0148,18276.4896,309.5319,161.5849
10,5,11.3823,13452.1106,309.5319,159.266
11,1,12.1435,15998.8489,80.6687,502.6552
11,2,5.8264,5469.7213,80.6687,80.7594
11,3,19.6059,20852.3414,80.6687,87.6054
11,4,14.4885,18721.2052,80.6687,161.5849
11,5,10.9086,13896.8262,80.6687,159.266
12,1,12.3705,15176.0332,197.3521,502.6552
12,2,5.3028,4978.1826,197.3521,80.7594
12,3,20.7351,21912.4163,197.3521,87.6054
12,4,14.0747,18192.3173,197.3521,161.5849
12,5,11.1356,13074.0106,197.3521,159.266
13,1,10.6057,14643.6589,215.0659,502.6552
13,2,4.1276,3874.9423,215.0659,80.7594
13,3,20.1228,21692.6594,215.0659,87.6054
13,4,14.3619,18986.88,215.0659,161.5849
13,5,9.3708,12541.6363,215.0659,159.266
14,1,9.7334,14733.448,184.7685,502.6552
14,2,3.48,3993.4652,184.7685,80.7594
14,3,19.4998,21271.7369,184.7685,87.6054
14,4,13.4897,19534.1628,184.7685,161.5849
14,5,8.4986,12631.4254,184.7685,159.266
15,1,10.6036,15431.5519,97.9358,502.6552
15,2,4.3502,4662.8353,97.9358,80.7594
15,3,19.0935,20534.1139,97.9358,87.6054
15,4,14.3599,19742.2565,97.9358,161.5849
15,5,9.3687,13329.5293,97.9358,159.266
16,1,12.5753,14875.0149,238.3808,502.6552
16,2,5.3801,5050.7514,238.3808,80.7594
16,3,21.0652,22385.0714,238.3808,87.6054
16,4,13.7541,17891.2991,238.3808,161.5849
16,5,11.3404,12772.9923,238.3808,159.266
17,1,11.9298,14846.003,19.9037,502.6552
17,2,4.3432,4077.2865,19.9037,80.7594
17,3,20.4444,21802.3156,19.9037,87.6054
17,4,14.7151,18543.0016,19.9037,161.5849
17,5,10.6949,12743.9804,19.9037,159.266
18,1,12.1142,13927.599,270.0656,502.6552
18,2,4.5276,4250.4533,270.0656,80.7594
18,3,21.4731,22903.3631,270.0656,87.6054
18,4,13.5034,17405.5239,270.0656,161.5849
18,5,10.8794,11825.5763,270.0656,159.266
19,1,11.8175,12944.5216,207.6708,502.6552
19,2,4.2919,4029.1443,207.6708,80.7594
19,3,22.5202,23412.2545,207.6708,87.6054
19,4,13.2294,16886.0922,207.6708,161.5849
19,5,10.5826,10842.499,207.6708,159.266
20,1,11.2106,13889.6051,375.8596,502.6552
20,2,3.3244,3120.8886,375.8596,80.7594
20,3,21.2802,22722.2833,375.8596,87.6054
20,4,14.4687,18049.4793,375.8596,161.5849
20,5,9.9757,11787.5825,375.8596,159.266
21,1,10.8832,13582.2438,114.2221,502.6552
21,2,2.997,2813.5273,114.2221,80.7594
21,3,20.9192,22383.422,114.2221,87.6054
21,4,14.6395,18340.7368,114.2221,161.5849
21,5,9.6483,11480.2212,114.2221,159.266
22,1,11.4582,13004.6329,224.6763,502.6552
22,2,3.572,3353.321,224.6763,80.7594
22,3,21.993,23777.9552,224.6763,87.6054
22,4,13.2934,16946.2036,224.6763,161.5849
22,5,10.2233,10902.6103,224.6763,159.266
23,1,10.3137,13047.5611,222.3401,502.6552
23,2,2.4274,2278.8445,222.3401,80.7594
23,3,21.7256,23526.92,222.3401,87.6054
23,4,14.0699,18030.8766,222.3401,161.5849
23,5,9.0788,10945.5385,222.3401,159.266
24,1,12.2423,13601.3029,110.9006,502.6552
24,2,6.0034,5635.8916,110.9006,80.7594
24,3,22.0385,23274.8641,110.9006,87.6054
24,4,12.141,16126.5101,110.9006,161.5849
24,5,11.0074,11635.3071,110.9006,159.266
25,1,13.0665,14117.0974,270.6595,502.6552
25,2,5.5409,5201.7201,270.6595,80.7594
25,3,21.4304,22239.6787,270.6595,87.6054
25,4,13.5144,17595.0223,270.6595,161.5849
25,5,11.8316,12015.0748,270.6595,159.266
26,1,10.6878,12040.8962,109.5555,502.6552
26,2,5.3966,5066.2883,109.5555,80.7594
26,3,22.8266,24381.5266,109.5555,87.6054
26,4,10.5865,14566.1035,109.5555,161.5849
26,5,9.4529,10855.1789,109.5555,159.266
27,1,11.4535,12602.7977,30.4298,502.6552
27,2,4.7949,4501.3596,30.4298,80.7594
27,3,23.247,24400.8333,30.4298,87.6054
27,4,12.1879,15908.3723,30.4298,161.5849
27,5,10.2186,10500.7751,30.4298,159.266
28,1,11.8223,12949.0207,241.5311,502.6552
28,2,4.2967,4033.6434,241.5311,80.7594
28,3,22.5154,23407.7554,241.5311,87.6054
28,4,13.2342,16890.5914,241.5311,161.5849
28,5,10.5874,10846.9981,241.5311,159.266
29,1,9.5991,13937.6904,174.0507,502.6552
29,2,3.3457,3316.6217,174.0507,80.7594
29,3,20.478,22411.573,174.0507,87.6054
29,4,13.3553,18989.5931,174.0507,161.5849
29,5,8.3642,11835.6678,174.0507,159.266
30,1,8.8591,13209.1272,193.3734,502.6552
30,2,2.6057,2588.0585,193.3734,80.7594
30,3,20.3741,22770.2482,193.3734,87.6054
30,4,12.6154,18991.1017,193.3734,161.5849
30,5,7.6242,11107.1046,193.3734,159.266
31,1,8.9235,11742.4391,194.1934,502.6552
31,2,1.0372,973.7225,194.1934,80.7594
31,3,22.8953,25011.8047,194.1934,87.6054
31,4,12.6797,17376.7657,194.1934,161.5849
31,5,7.6886,9640.4165,194.1934,159.266
32,1,9.9329,12690.0922,220.9733,502.6552
32,2,2.0467,1921.3756,220.9733,80.7594
32,3,21.4435,23318.0169,220.9733,87.6054
32,4,13.6891,18291.1972,220.9733,161.5849
32,5,8.698,10588.0696,220.9733,159.266
33,1,10.5516,12107.2005,169.2056,502.6552
33,2,2.6654,2502.2433,169.2056,80.7594
33,3,22.9077,24645.9639,169.2056,87.6054
33,4,13.6226,16916.6242,169.2056,161.5849
33,5,9.3168,10005.1779,169.2056,159.266
34,1,10.5803,12080.2813,443.174,502.6552
34,2,2.6941,2529.1625,443.174,80.7594
34,3,22.9364,24672.8831,443.174,87.6054
34,4,13.594,16889.7051,443.174,161.5849
34,5,9.3454,9978.2587,443.174,159.266
35,1,9.4015,12191.2139,114.6238,502.6552
35,2,1.5153,1422.4974,114.6238,80.7594
35,3,22.6279,24383.2672,114.6238,87.6054
35,4,13.1577,17211.4736,114.6238,161.5849
35,5,8.1666,10089.1913,114.6238,159.266
36,1,10.42,11108.3186,82.2024,502.6552
36,2,6.1386,5762.8512,82.2024,80.7594
36,3,23.8615,25353.052,82.2024,87.6054
36,4,10.3187,13633.5258,82.2024,161.5849
36,5,9.1851,9922.6013,82.2024,159.266
37,1,9.0686,9839.6203,152.039,502.6552
37,2,5.6848,5336.8163,152.039,80.7594
37,3,25.2129,26621.7503,152.039,87.6054
37,4,8.9673,12364.8275,152.039,161.5849
37,5,7.8337,8653.903,152.039,159.266
38,1,10.9927,12170.2011,301.5174,502.6552
38,2,3.4671,3254.8239,301.5174,80.7594
38,3,24.221,25482.4972,301.5174,87.6054
38,4,12.3093,16022.323,301.5174,161.5849
38,5,9.7578,10068.1785,301.5174,159.266
39,1,9.43,10703.1503,550.0752,502.6552
39,2,3.4752,3262.4393,550.0752,80.7594
39,3,25.122,26289.6219,550.0752,87.6054
39,4,11.4932,14736.1429,550.0752,161.5849
39,5,8.1951,8601.1277,550.0752,159.266
40,1,10.0697,11303.7617,399.707,502.6552
40,2,4.115,3863.0507,399.707,80.7594
40,3,24.4823,25689.0105,399.707,87.6054
40,4,12.133,15336.7543,399.707,161.5849
40,5,8.8349,9201.7391,399.707,159.266
41,1,9.0448,10341.5482,313.0191,502.6552
41,2,3.09,2900.8372,313.0191,80.7594
41,3,26.0599,27514.222,313.0191,87.6054
41,4,10.1888,13511.5428,313.0191,161.5849
41,5,7.8099,8239.5256,313.0191,159.266
42,1,9.706,10438.0362,326.738,502.6552
42,2,4.7187,4429.8141,326.738,80.7594
42,3,25.6279,27011.3207,326.738,87.6054
42,4,9.6047,12963.2435,326.738,161.5849
42,5,8.4712,9252.3189,326.738,159.266
43,1,8.6656,11500.3243,93.0756,502.6552
43,2,0.7793,731.6077,93.0756,80.7594
43,3,22.6652,24928.4757,93.0756,87.6054
43,4,12.4218,17143.9877,93.0756,161.5849
43,5,7.4307,9398.3017,93.0756,159.266
44,1,8.4,11251.0652,173.8367,502.6552
44,2,1.0391,975.4738,173.8367,80.7594
44,3,22.9091,25157.4234,173.8367,87.6054
44,4,12.1563,17028.9728,173.8367,161.5849
44,5,7.1652,9149.0426,173.8367,159.266
45,1,8.2016,11297.9307,315.5261,502.6552
45,2,2.0675,1940.9558,315.5261,80.7594
45,3,22.8576,25109.0661,315.5261,87.6054
45,4,11.9579,17080.2807,315.5261,161.5849
45,5,6.9667,9195.9081,315.5261,159.266
46,1,7.6631,10559.2788,104.7261,502.6552
46,2,1.6801,1577.2815,104.7261,80.7594
46,3,23.7731,25968.5358,104.7261,87.6054
46,4,11.4194,16409.2271,104.7261,161.5849
46,5,6.4283,8457.2562,104.7261,159.266
47,1,6.8664,9290.2706,144.1038,502.6552
47,2,2.7722,2602.5129,144.1038,80.7594
47,3,25.3853,27455.2147,144.1038,87.6054
47,4,10.6226,14898.6852,144.1038,161.5849
47,5,5.6315,7188.248,144.1038,159.266
48,1,8.9958,10905.5573,99.4783,502.6552
48,2,0.7429,697.3989,99.4783,80.7594
48,3,23.7227,25894.3482,99.4783,87.6054
48,4,12.5359,15714.9811,99.4783,161.5849
48,5,7.7609,8803.5347,99.4783,159.266
49,1,8.1841,11048.3749,212.0412,502.6552
49,2,0.8232,772.7834,212.0412,80.7594
49,3,23.4363,25625.4852,212.0412,87.6054
49,4,11.9404,16118.0881,212.0412,161.5849
49,5,6.9492,8946.3522,212.0412,159.266
50,1,8.157,10288.0455,209.9697,502.6552
50,2,1.7745,1665.8872,209.9697,80.7594
50,3,24.3876,26518.589,209.9697,87.6054
50,4,11.9132,15229.4268,209.9697,161.5849
50,5,6.9221,8186.0229,209.9697,159.266
51,1,9.5886,10475.8162,352.4775,502.6552
51,2,3.6338,3411.3565,352.4775,80.7594
51,3,26.6037,28024.7413,352.4775,87.6054
51,4,9.645,13001.0235,352.4775,161.5849
51,5,8.3537,8750.0449,352.4775,159.266
52,1,8.9716,10272.8479,342.591,502.6552
52,2,2.2439,2106.5395,342.591,80.7594
52,3,25.2138,26860.3594,342.591,87.6054
52,4,11.0349,14305.8405,342.591,161.5849
52,5,7.7367,8170.8253,342.591,159.266
53,1,8.5559,9665.6603,273.2328,502.6552
53,2,4.8319,4536.1501,273.2328,80.7594
53,3,27.8018,29289.9699,273.2328,87.6054
53,4,9.0823,12190.8675,273.2328,161.5849
53,5,7.321,7780.5786,273.2328,159.266
54,1,6.94,8365.6008,110.8036,502.6552
54,2,3.4485,3237.3555,110.8036,80.7594
54,3,26.4183,27991.1753,110.8036,87.6054
54,4,10.4343,13306.982,110.8036,161.5849
54,5,5.7051,6263.5782,110.8036,159.266
55,1,6.9425,7561.7437,286.2041,502.6552
55,2,7.0507,6619.089,286.2041,80.7594
55,3,26.4909,28975.313,286.2041,87.6054
55,4,6.8412,10086.9509,286.2041,161.5849
55,5,5.7076,6376.0264,286.2041,159.266
56,1,8.167,8711.2852,178.8606,502.6552
56,2,5.8485,5490.5251,178.8606,80.7594
56,3,27.3793,28722.2877,178.8606,87.6054
56,4,8.0657,11236.4924,178.8606,161.5849
56,5,6.9321,7525.5679,178.8606,159.266
57,1,7.1859,10537.7645,30.1305,502.6552
57,2,3.4423,3231.6139,30.1305,80.7594
57,3,23.3234,25758.2352,30.1305,87.6054
57,4,10.9421,17510.1567,30.1305,161.5849
57,5,5.951,8435.7419,30.1305,159.266
58,1,6.4843,10795.09,110.8005,502.6552
58,2,3.8396,4074.2712,110.8005,80.7594
58,3,22.749,26600.8926,110.8005,87.6054
58,4,10.2405,17853.899,110.8005,161.5849
58,5,5.2494,8693.0674,110.8005,159.266
59,1,6.6936,9649.1234,23.0716,502.6552
59,2,2.3062,2165.067,23.0716,80.7594
59,3,24.6374,26779.9164,23.0716,87.6054
59,4,10.4499,16037.3574,23.0716,161.5849
59,5,5.4588,7547.1008,23.0716,159.266
60,1,7.2386,10357.6177,87.9818,502.6552
60,2,3.0609,2873.5613,87.9818,80.7594
60,3,23.8827,26071.4221,87.9818,87.6054
60,4,10.9949,16745.8517,87.9818,161.5849
60,5,6.0037,8255.5951,87.9818,159.266
61,1,5.826,9158.9437,159.961,502.6552
61,2,4.4305,4159.3165,159.961,80.7594
61,3,24.5373,26685.9378,159.961,87.6054
61,4,9.5822,16217.7527,159.961,161.5849
61,5,4.5911,7056.9211,159.961,159.266
62,1,8.9503,13837.0207,112.7516,502.6552
62,2,5.9432,6206.3113,112.7516,80.7594
62,3,24.8526,28262.5034,112.7516,87.6054
62,4,12.7065,20895.8297,112.7516,161.5849
62,5,7.7154,11734.9981,112.7516,159.266
63,1,7.6721,11692.2987,353.2828,502.6552
63,2,5.5689,5450.6839,353.2828,80.7594
63,3,24.4783,27977.3053,353.2828,87.6054
63,4,11.4283,18751.1077,353.2828,161.5849
63,5,6.4372,9590.2761,353.2828,159.266
64,1,7.511,11212.2985,92.3203,502.6552
64,2,6.1099,5735.8961,92.3203,80.7594
64,3,25.1345,28262.5174,92.3203,87.6054
64,4,11.2673,18271.1075,92.3203,161.5849
64,5,6.2761,9110.2759,92.3203,159.266
65,1,6.4395,10206.3179,264.2964,502.6552
65,2,5.0383,4729.9155,264.2964,80.7594
65,3,24.063,27256.5369,264.2964,87.6054
65,4,10.1957,17265.1269,264.2964,161.5849
65,5,5.2046,8104.2953,264.2964,159.266
66,1,7.2532,11299.0531,40.7873,502.6552
66,2,5.15,5057.4383,40.7873,80.7594
66,3,24.0594,27584.0596,40.7873,87.6054
66,4,11.0094,18357.862,40.7873,161.5849
66,5,6.0183,9197.0305,40.7873,159.266
67,1,6.7549,10831.2176,141.8586,502.6552
67,2,4.6517,4589.6028,141.8586,80.7594
67,3,23.5611,27116.2242,141.8586,87.6054
67,4,10.5111,17890.0266,141.8586,161.5849
67,5,5.52,8729.195,141.8586,159.266
68,1,6.56,9002.6797,513.433,502.6552
68,2,5.2969,4972.6053,513.433,80.7594
68,3,26.2024,29309.9595,513.433,87.6054
68,4,10.3163,16061.4887,513.433,161.5849
68,5,5.3251,6497.1765,513.433,159.266
69,1,5.5817,8084.223,362.519,502.6552
69,2,4.3615,4094.5058,362.519,80.7594
69,3,25.267,28431.86,362.519,87.6054
69,4,9.3379,15143.032,362.519,161.5849
69,5,4.3468,5578.7198,362.519,159.266
70,1,5.39,8887.3324,226.7698,502.6552
70,2,4.0112,4227.6659,226.7698,80.7594
70,3,23.8432,27384.0495,226.7698,87.6054
70,4,9.1463,15946.1414,226.7698,161.5849
70,5,4.1552,6785.3098,226.7698,159.266
71,1,3.9189,3869.9656,200.3368,502.6552
71,2,8.5612,9095.2674,200.3368,80.7594
71,3,29.5415,33432.6216,200.3368,87.6054
71,4,8.9473,12911.9235,200.3368,161.5849
71,5,1.5431,1448.6675,200.3368,159.266
72,1,4.6996,4878.7832,219.275,502.6552
72,2,7.9756,7491.6191,219.275,80.7594
72,3,28.8857,31828.9733,219.275,87.6054
72,4,9.7281,13644.8626,219.275,161.5849
72,5,2.3239,2181.6065,219.275,159.266
73,1,5.5414,8046.3849,223.5325,502.6552
73,2,5.4575,5127.6582,223.5325,80.7594
73,3,26.3676,29465.0124,223.5325,87.6054
73,4,9.2976,15105.1939,223.5325,161.5849
73,5,4.3065,5540.8817,223.5325,159.266
74,1,6.302,6528.6949,898.9126,502.6552
74,2,6.2181,5841.7074,898.9126,80.7594
74,3,27.1282,30179.0616,898.9126,87.6054
74,4,10.0582,15294.7742,898.9126,161.5849
74,5,4.0814,3831.5182,898.9126,159.266
75,1,5.1527,8202.471,568.3546,502.6552
75,2,3.1003,2910.4931,568.3546,80.7594
75,3,24.7541,27763.1949,568.3546,87.6054
75,4,8.9089,15261.2799,568.3546,161.5849
75,5,3.9178,6100.4484,568.3546,159.266
76,1,4.4631,7271.2645,26.0276,502.6552
76,2,3.7898,3841.6995,26.0276,80.7594
76,3,24.7702,28573.6171,26.0276,87.6054
76,4,8.2193,14330.0734,26.0276,161.5849
76,5,3.2282,5169.2419,26.0276,159.266
77,1,10.8995,13607.041,31.0075,502.6552
77,2,7.9467,8033.5719,31.0075,80.7594
77,3,26.8562,30176.9828,31.0075,87.6054
77,4,14.6558,20757.3221,31.0075,161.5849
77,5,9.6646,11515.3534,31.0075,159.266
78,1,7.65,11342.7733,460.5665,502.6552
78,2,6.2489,5866.3709,460.5665,80.7594
78,3,25.2031,28392.9923,460.5665,87.6054
78,4,11.4063,18401.5823,460.5665,161.5849
78,5,6.4151,9240.7507,460.5665,159.266
79,1,8.6114,11550.4554,20.5102,502.6552
79,2,7.2103,6768.8947,20.5102,80.7594
79,3,26.2349,29295.516,20.5102,87.6054
79,4,12.3676,18609.2643,20.5102,161.5849
79,5,7.3765,9367.2957,20.5102,159.266
80,1,6.7737,10520.125,622.509,502.6552
80,2,5.3726,5043.7226,622.509,80.7594
80,3,24.3972,27570.3439,622.509,87.6054
80,4,10.53,17578.9339,622.509,161.5849
80,5,5.5388,8418.1024,622.509,159.266
81,1,14.1541,20044.2779,662.0635,502.6552
81,2,7.9007,9396.3456,662.0635,80.7594
81,3,19.1703,18886.2424,662.0635,87.6054
81,4,17.3326,23052.7165,662.0635,161.5849
81,5,12.9192,17942.2553,662.0635,159.266
82,1,16.3514,23662.0617,4086.1129,502.6552
82,2,10.0979,13014.1294,4086.1129,80.7594
82,3,15.0582,14189.7144,4086.1129,87.6054
82,4,19.5299,26670.5003,4086.1129,161.5849
82,5,15.1165,21560.0391,4086.1129,159.266
83,1,15.4079,22694.086,332.9439,502.6552
83,2,9.1545,12217.9659,332.9439,80.7594
83,3,14.3645,13485.1342,332.9439,87.6054
83,4,18.5864,25219.2933,332.9439,161.5849
83,5,14.1731,20763.8756,332.9439,159.266
84,1,14.6174,21843.5433,110.6643,502.6552
84,2,8.3639,11195.611,110.6643,80.7594
84,3,15.4108,14787.2234,110.6643,87.6054
84,4,17.7959,24796.9285,110.6643,161.5849
84,5,13.3825,19741.5207,110.6643,159.266
85,1,15.8426,23102.1363,236.6944,502.6552
85,2,9.5892,12565.72,236.6944,80.7594
85,3,14.7991,13893.1845,236.6944,87.6054
85,4,19.0211,25627.3435,236.6944,161.5849
85,5,14.6077,21111.6297,236.6944,159.266
86,1,15.0151,20904.3784,27.036,502.6552
86,2,8.7616,10256.4461,27.036,80.7594
86,3,16.1356,15699.2735,27.036,87.6054
86,4,18.1936,23912.817,27.036,161.5849
86,5,13.7802,18802.3558,27.036,159.266
87,1,14.8701,20641.5849,304.2374,502.6552
87,2,8.6166,9993.6526,304.2374,80.7594
87,3,16.1947,15203.2966,304.2374,87.6054
87,4,18.0486,23650.0235,304.2374,161.5849
87,5,13.6352,18539.5623,304.2374,159.266
88,1,13.286,19978.3585,14.6604,502.6552
88,2,7.0326,9757.6712,14.6604,80.7594
88,3,15.9599,15744.5235,14.6604,87.6054
88,4,16.4645,22503.5658,14.6604,161.5849
88,5,12.0512,18424.3652,14.6604,159.266
89,1,13.7294,20751.3716,634.3863,502.6552
89,2,7.476,10530.6843,634.3863,80.7594
89,3,15.5165,14971.5104,634.3863,87.6054
89,4,16.9079,23276.5788,634.3863,161.5849
89,5,12.4945,19197.3782,634.3863,159.266
90,1,19.4726,23148.2178,481.1245,502.6552
90,2,13.2191,13250.3748,481.1245,80.7594
90,3,14.9456,14030.704,481.1245,87.6054
90,4,21.1402,25673.425,481.1245,161.5849
90,5,18.2377,21729.9019,481.1245,159.266
91,1,20.4783,22154.6794,876.2485,502.6552
91,2,14.2248,14194.5127,876.2485,80.7594
91,3,17.3615,16298.6594,876.2485,87.6054
91,4,20.6994,24679.8866,876.2485,161.5849
91,5,19.2434,20968.9621,876.2485,159.266
92,1,16.3188,18352.2236,683.1913,502.6552
92,2,10.0654,10289.7157,683.1913,80.7594
92,3,19.9758,19126.2004,683.1913,87.6054
92,4,16.649,20877.4308,683.1913,161.5849
92,5,15.084,17166.5063,683.1913,159.266
93,1,22.4598,25952.5677,1000.12,502.6552
93,2,16.2063,16054.7247,1000.12,80.7594
93,3,12.6644,11889.1394,1000.12,87.6054
93,4,24.1274,28477.775,1000.12,161.5849
93,5,21.2249,24534.2518,1000.12,159.266
94,1,20.2711,21960.1985,702.4967,502.6552
94,2,14.0177,14000.0319,702.4967,80.7594
94,3,17.5686,16493.1402,702.4967,87.6054
94,4,20.4922,24485.4058,702.4967,161.5849
94,5,19.0362,20774.4812,702.4967,159.266
95,1,23.0608,26516.7667,921.89,502.6552
95,2,16.8073,16618.9237,921.89,80.7594
95,3,13.2654,12453.3383,921.89,87.6054
95,4,24.7284,29041.9739,921.89,161.5849
95,5,21.8259,25098.4508,921.89,159.266
96,1,13.2779,19383.1811,201.698,502.6552
96,2,7.0244,9398.7079,201.698,80.7594
96,3,16.8266,16910.2544,201.698,87.6054
96,4,16.4564,21908.3883,201.698,161.5849
96,5,12.043,17964.8652,201.698,159.266
97,1,14.1342,20407.6694,120.6681,502.6552
97,2,7.8807,9834.2717,120.6681,80.7594
97,3,17.2935,16306.9192,120.6681,87.6054
97,4,17.3127,22932.8766,120.6681,161.5849
97,5,12.8993,18380.1814,120.6681,159.266
98,1,13.7137,19333.6673,123.7188,502.6552
98,2,7.4603,8685.735,123.7188,80.7594
98,3,17.351,16511.2143,123.7188,87.6054
98,4,16.8922,22342.1059,123.7188,161.5849
98,5,12.4789,17231.6447,123.7188,159.266
99,1,12.2444,18163.0142,97.7859,502.6552
99,2,5.991,7942.3268,97.7859,80.7594
99,3,16.9889,17510.0552,97.7859,87.6054
99,4,15.4229,20688.2214,97.7859,161.5849
99,5,11.0095,16609.0208,97.7859,159.266
100,1,13.2177,18734.9011,118.8054,502.6552
100,2,6.9642,8086.9688,118.8054,80.7594
100,3,17.8471,17109.9804,118.8054,87.6054
100,4,16.3962,21743.3397,118.8054,161.5849
100,5,11.9828,16632.8785,118.8054,159.266
101,1,14.0397,15932.3784,351.686,502.6552
101,2,9.4091,9008.4177,351.686,80.7594
101,3,20.8531,21670.8997,351.686,87.6054
101,4,13.9383,18457.5856,351.686,161.5849
101,5,12.8048,14746.6611,351.686,159.266
102,1,15.0525,18756.6149,272.0338,502.6552
102,2,8.799,9100.845,272.0338,80.7594
102,3,19.2757,18954.904,272.0338,87.6054
102,4,16.72,21281.8221,272.0338,161.5849
102,5,13.8176,17570.8976,272.0338,159.266
103,1,15.5886,18253.3027,267.4903,502.6552
103,2,9.3352,9604.1572,267.4903,80.7594
103,3,19.8118,19458.2162,267.4903,87.6054
103,4,16.5436,20778.5099,267.4903,161.5849
103,5,14.3537,17067.5854,267.4903,159.266
104,1,13.6928,17722.2357,443.0451,502.6552
104,2,7.4393,7824.3927,443.0451,80.7594
104,3,18.5959,18316.7296,443.0451,87.6054
104,4,15.3604,20247.4429,443.0451,161.5849
104,5,12.4579,16303.9198,443.0451,159.266
105,1,13.5656,15910.357,284.0079,502.6552
105,2,7.3121,7916.5361,284.0079,80.7594
105,3,18.7561,19762.7124,284.0079,87.6054
105,4,13.6557,18435.5642,284.0079,161.5849
105,5,12.3307,14724.6397,284.0079,159.266
106,1,15.1121,16194.2982,868.2339,502.6552
106,2,11.0508,10374.2774,868.2339,80.7594
106,3,22.8313,22059.7141,868.2339,87.6054
106,4,15.0107,18180.9374,868.2339,161.5849
106,5,13.8772,15008.5809,868.2339,159.266
107,1,14.0136,14515.4833,730.7092,502.6552
107,2,10.849,10184.8775,730.7092,80.7594
107,3,27.2776,28594.5239,730.7092,87.6054
107,4,11.6142,12500.4313,730.7092,161.5849
107,5,12.7787,13329.766,730.7092,159.266
108,1,14.7053,16557.2799,204.7124,502.6552
108,2,10.0748,9633.3192,204.7124,80.7594
108,3,21.5187,21045.9982,204.7124,87.6054
108,4,14.604,19082.4871,204.7124,161.5849
108,5,13.4704,15371.5626,204.7124,159.266
109,1,15.6199,16671.0477,351.4811,502.6552
109,2,11.0206,10851.0269,351.4811,80.7594
109,3,21.4973,20807.3763,351.4811,87.6054
109,4,15.5186,19196.2549,351.4811,161.5849
109,5,14.385,15485.3304,351.4811,159.266
110,1,13.9425,15096.3119,312.1358,502.6552
110,2,9.8812,9276.2912,312.1358,80.7594
110,3,22.6788,22382.1121,312.1358,87.6054
110,4,13.8412,17621.5192,312.1358,161.5849
110,5,12.7076,13910.5946,312.1358,159.266
111,1,13.5163,14797.2629,261.3043,502.6552
111,2,9.4048,8829.1107,261.3043,80.7594
111,3,21.3007,22394.8704,261.3043,87.6054
111,4,13.415,17322.4701,261.3043,161.5849
111,5,12.2814,13611.5456,261.3043,159.266
112,1,12.8667,14086.351,619.9153,502.6552
112,2,8.8054,8266.3302,619.9153,80.7594
112,3,23.5796,24927.617,619.9153,87.6054
112,4,12.7653,15542.1281,619.9153,161.5849
112,5,11.6318,12900.6336,619.9153,159.266
113,1,13.9313,15319.1894,265.982,502.6552
113,2,9.3008,8906.684,265.982,80.7594
113,3,20.7447,21872.9439,265.982,87.6054
113,4,13.83,17844.3966,265.982,161.5849
113,5,12.6964,14133.4721,265.982,159.266
114,1,11.9761,13351.4099,150.1637,502.6552
114,2,7.8647,7383.2577,150.1637,80.7594
114,3,22.296,23516.5748,150.1637,87.6054
114,4,11.8748,15876.6171,150.1637,161.5849
114,5,10.7413,12165.6926,150.1637,159.266
115,1,11.1571,12481.4875,381.9925,502.6552
115,2,7.0958,6661.4667,381.9925,80.7594
115,3,23.5244,25227.3517,381.9925,87.6054
115,4,11.0558,15006.6947,381.9925,161.5849
115,5,9.9223,11295.7702,381.9925,159.266
116,1,12.296,13571.5917,402.2904,502.6552
116,2,12.5666,11797.3692,402.2904,80.7594
116,3,28.9952,30207.0156,402.2904,87.6054
116,4,9.8965,10887.9395,402.2904,161.5849
116,5,11.0611,12385.8744,402.2904,159.266
117,1,13.6337,14125.2777,455.8521,502.6552
117,2,10.4334,9794.6719,455.8521,80.7594
117,3,26.8619,28204.3182,455.8521,87.6054
117,4,12.0298,12890.6369,455.8521,161.5849
117,5,12.3988,12939.5604,455.8521,159.266
118,1,12.6357,13188.3112,344.7437,502.6552
118,2,9.4353,8857.7054,344.7437,80.7594
118,3,25.8639,27267.3517,344.7437,87.6054
118,4,12.5343,13467.3915,344.7437,161.5849
118,5,11.4008,12002.5939,344.7437,159.266
119,1,11.7463,13034.6095,543.2641,502.6552
119,2,7.685,7214.5888,543.2641,80.7594
119,3,24.1136,25780.4737,543.2641,87.6054
119,4,11.645,14616.4163,543.2641,161.5849
119,5,10.5114,11848.8922,543.2641,159.266
120,1,11.7984,12706.8252,452.7188,502.6552
120,2,10.2884,9658.5398,452.7188,80.7594
120,3,26.9237,28579.6696,452.7188,87.6054
120,4,9.399,10420.8025,452.7188,161.5849
120,5,10.5635,11521.1079,452.7188,159.266
121,1,11.8855,13186.2447,1071.0115,502.6552
121,2,12.8015,12017.8646,1071.0115,80.7594
121,3,29.6421,31131.6832,1071.0115,87.6054
121,4,8.0876,7868.789,1071.0115,161.5849
121,5,10.6506,12000.5274,1071.0115,159.266
122,1,14.7362,15862.4093,283.1182,502.6552
122,2,13.4503,12626.9452,283.1182,80.7594
122,3,29.8789,31036.5916,283.1182,87.6054
122,4,10.9365,10543.2934,283.1182,161.5849
122,5,13.5013,14676.692,283.1182,159.266
123,1,13.6644,14856.2289,802.0824,502.6552
123,2,12.3785,11620.7648,802.0824,80.7594
123,3,28.8071,30030.4112,802.0824,87.6054
123,4,11.265,11549.4738,802.0824,161.5849
123,5,12.4295,13670.5116,802.0824,159.266
124,1,9.7861,10513.1862,511.0968,502.6552
124,2,8.0996,7603.7828,511.0968,80.7594
124,3,27.2326,29389.6795,511.0968,87.6054
124,4,8.1915,9605.1204,511.0968,161.5849
124,5,8.5512,9327.4688,511.0968,159.266
125,1,11.3775,12007.1327,383.5612,502.6552
125,2,9.543,8958.8473,383.5612,80.7594
125,3,26.1784,27879.9772,383.5612,87.6054
125,4,10.1443,11120.495,383.5612,161.5849
125,5,10.1426,10821.4154,383.5612,159.266
126,1,8.7731,9795.7324,612.2185,502.6552
126,2,7.0866,6886.3291,612.2185,80.7594
126,3,24.4781,26570.2413,612.2185,87.6054
126,4,8.6718,12320.9396,612.2185,161.5849
126,5,7.5382,8610.0151,612.2185,159.266
127,1,11.1183,12465.9612,393.7486,502.6552
127,2,10.9685,10297.0332,393.7486,80.7594
127,3,27.6038,29218.1631,393.7486,87.6054
127,4,8.7188,9782.3091,393.7486,161.5849
127,5,9.8834,11280.2439,393.7486,159.266
128,1,9.6013,11041.815,434.3211,502.6552
128,2,9.0893,8532.8547,434.3211,80.7594
128,3,28.2222,30318.7514,434.3211,87.6054
128,4,7.2018,8676.0485,434.3211,161.5849
128,5,8.3664,9856.0977,434.3211,159.266
129,1,12.4323,13699.6021,396.6498,502.6552
129,2,13.3484,12531.222,396.6498,80.7594
129,3,30.189,31645.0406,396.6498,87.6054
129,4,7.5408,7355.4315,396.6498,161.5849
129,5,11.1975,12513.8848,396.6498,159.266
130,1,11.7014,13013.3731,282.4901,502.6552
130,2,12.6174,11844.993,282.4901,80.7594
130,3,29.458,30958.8116,282.4901,87.6054
130,4,8.2718,8041.6605,282.4901,161.5849
130,5,10.4665,11827.6558,282.4901,159.266
131,1,10.9012,12262.2012,292.5556,502.6552
131,2,11.8172,11093.8211,292.5556,80.7594
131,3,28.6578,30207.6397,292.5556,87.6054
131,4,8.5018,8792.8324,292.5556,161.5849
131,5,9.6663,11076.4839,292.5556,159.266
132,1,9.4128,10864.9048,348.6684,502.6552
132,2,10.3288,9696.5247,348.6684,80.7594
132,3,29.3093,30819.2195,348.6684,87.6054
132,4,7.0134,8499.1383,348.6684,161.5849
132,5,8.1779,9679.1875,348.6684,159.266
133,1,10.1815,11586.5312,322.5246,502.6552
133,2,11.0975,10418.1511,322.5246,80.7594
133,3,30.2305,32204.0478,322.5246,87.6054
133,4,6.9393,6790.7521,322.5246,161.5849
133,5,8.9466,10400.8139,322.5246,159.266
134,1,8.1594,8704.1585,625.6718,502.6552
134,2,8.5749,8331.8311,625.6718,80.7594
134,3,27.7078,30117.7278,625.6718,87.6054
134,4,6.97,9048.1542,625.6718,161.5849
134,5,6.9245,7518.4412,625.6718,159.266
135,1,8.3342,9150.212,304.4272,502.6552
135,2,6.6478,6240.8086,304.4272,80.7594
135,3,25.7807,28026.7053,304.4272,87.6054
135,4,8.2329,10968.0946,304.4272,161.5849
135,5,7.0994,7964.4947,304.4272,159.266
136,1,6.8532,7477.8985,163.6285,502.6552
136,2,7.2686,7105.5711,163.6285,80.7594
136,3,26.4016,28891.4677,163.6285,87.6054
136,4,6.7518,10003.1057,163.6285,161.5849
136,5,5.6183,6292.1812,163.6285,159.266
137,1,5.6616,6139.1892,525.0855,502.6552
137,2,7.7185,7747.9835,525.0855,80.7594
137,3,26.8514,29533.8802,525.0855,87.6054
137,4,5.5603,8664.3965,525.0855,161.5849
137,5,4.4268,4953.4719,525.0855,159.266
138,1,6.484,6789.3801,577.6063,502.6552
138,2,9.4493,9494.6603,577.6063,80.7594
138,3,28.5822,31280.5569,577.6063,87.6054
138,4,4.6947,6917.7197,577.6063,161.5849
138,5,5.2491,5603.6628,577.6063,159.266
139,1,8.2431,9766.794,302.3427,502.6552
139,2,10.4474,9807.8758,302.3427,80.7594
139,3,29.5804,31593.7725,302.3427,87.6054
139,4,5.8436,7990.7874,302.3427,161.5849
139,5,7.0082,8581.0767,302.3427,159.266
140,1,8.3628,9649.1019,529.4204,502.6552
140,2,9.5814,9276.7745,529.4204,80.7594
140,3,28.7144,31062.6712,529.4204,87.6054
140,4,5.9634,8103.2108,529.4204,161.5849
140,5,7.128,8463.3846,529.4204,159.266
141,1,6.9011,8506.9569,424.5557,502.6552
141,2,10.2712,10649.035,424.5557,80.7594
141,3,30.1761,32434.9316,424.5557,87.6054
141,4,4.5017,6736.5182,424.5557,161.5849
141,5,5.6662,7321.2396,424.5557,159.266
142,1,10.3379,11733.4072,490.7028,502.6552
142,2,12.7191,11940.4849,490.7028,80.7594
142,3,31.8521,33726.3815,490.7028,87.6054
142,4,5.6073,6291.6201,490.7028,161.5849
142,5,9.1031,10547.6899,490.7028,159.266
143,1,9.0991,10570.4159,648.2929,502.6552
143,2,11.7434,11306.367,648.2929,80.7594
143,3,30.8763,33092.2636,648.2929,87.6054
143,4,5.3532,6073.6183,648.2929,161.5849
143,5,7.8642,9384.6986,648.2929,159.266
144,1,9.3701,10824.7946,423.0347,502.6552
144,2,10.2861,9656.4145,423.0347,80.7594
144,3,29.4191,31442.3111,423.0347,87.6054
144,4,6.9706,7552.4888,423.0347,161.5849
144,5,8.1352,9639.0773,423.0347,159.266
145,1,8.2105,9736.2463,67.229,502.6552
145,2,10.8548,10472.1974,67.229,80.7594
145,3,29.9878,32258.0941,67.229,87.6054
145,4,5.8111,6907.7879,67.229,161.5849
145,5,6.9757,8550.529,67.229,159.266
146,1,7.6499,9209.9432,363.6558,502.6552
146,2,11.02,11944.7528,363.6558,80.7594
146,3,31.1921,33730.6495,363.6558,87.6054
146,4,5.2505,6017.7111,363.6558,161.5849
146,5,6.415,8024.2259,363.6558,159.266
147,1,2.8513,3619.4951,284.6344,502.6552
147,2,7.4936,9226.7843,284.6344,80.7594
147,3,28.4739,33564.1386,284.6344,87.6054
147,4,7.8797,11909.6973,284.6344,161.5849
147,5,0.4756,446.4413,284.6344,159.266
148,1,1.1651,1521.4066,475.2586,502.6552
148,2,7.0878,9591.5575,475.2586,80.7594
148,3,28.0681,34323.475,475.2586,87.6054
148,4,7.4739,12043.8721,475.2586,161.5849
148,5,1.2106,1651.6473,475.2586,159.266
149,1,1.8483,1735.1326,467.0197,502.6552
149,2,8.8337,10111.5838,467.0197,80.7594
149,3,29.814,33937.9368,467.0197,87.6054
149,4,7.22,10913.8407,467.0197,161.5849
149,5,2.9565,3718.2735,467.0197,159.266
150,1,2.457,3249.3652,360.6091,502.6552
150,2,6.9759,8353.5911,360.6091,80.7594
150,3,27.9562,33107.4109,360.6091,87.6054
150,4,6.182,10315.9135,360.6091,161.5849
150,5,1.2222,1147.3426,360.6091,159.266
151,1,2.7856,4346.6743,666.9268,502.6552
151,2,5.4673,6766.2897,666.9268,80.7594
151,3,26.4476,31498.2073,666.9268,87.6054
151,4,7.002,12207.6299,666.9268,161.5849
151,5,1.5508,2244.6517,666.9268,159.266
152,1,5.1306,7660.817,313.318,502.6552
152,2,5.0467,5258.8037,313.318,80.7594
152,3,26.0271,29990.7212,313.318,87.6054
152,4,8.8869,13326.22,313.318,161.5849
152,5,3.8958,5558.7944,313.318,159.266
153,1,3.0423,4794.0699,531.9016,502.6552
153,2,5.2638,6411.5387,531.9016,80.7594
153,3,26.2441,31143.4562,531.9016,87.6054
153,4,6.7454,11760.2343,531.9016,161.5849
153,5,1.8074,2692.0473,531.9016,159.266
154,1,4.1157,4806.5018,223.8233,502.6552
154,2,7.2396,6796.4545,223.8233,80.7594
154,3,28.4661,31550.2744,223.8233,87.6054
154,4,6.6431,10412.1332,223.8233,161.5849
154,5,2.8808,2704.4791,223.8233,159.266
155,1,6.7535,7282.8385,278.2288,502.6552
155,2,4.6018,4320.1177,278.2288,80.7594
155,3,27.5717,29073.9376,278.2288,87.6054
155,4,9.2809,12224.2198,278.2288,161.5849
155,5,5.5186,5180.8159,278.2288,159.266
156,1,3.2607,5175.002,656.5446,502.6552
156,2,5.4823,6792.4707,656.5446,80.7594
156,3,26.4626,31524.3882,656.5446,87.6054
156,4,6.5269,11379.3023,656.5446,161.5849
156,5,2.0259,3072.9794,656.5446,159.266
157,1,3.7126,3485.3457,265.0734,502.6552
157,2,9.0303,10236.3106,265.0734,80.7594
157,3,30.0106,34062.6636,265.0734,87.6054
157,4,7.3528,10806.1779,265.0734,161.5849
157,5,4.4253,4490.9789,265.0734,159.266
158,1,4.0145,4586.2221,419.7536,502.6552
158,2,7.3846,9145.8365,419.7536,80.7594
158,3,28.3649,31712.8059,419.7536,87.6054
158,4,4.6246,8062.7512,419.7536,161.5849
158,5,2.7796,3400.5048,419.7536,159.266
159,1,4.47,4599.2381,177.5969,502.6552
159,2,7.8401,8790.2962,177.5969,80.7594
159,3,28.362,31073.8313,177.5969,87.6054
159,4,6.1104,9107.8618,177.5969,161.5849
159,5,3.2351,3413.5208,177.5969,159.266
160,1,6.1026,6131.921,603.1361,502.6552
160,2,7.7309,7257.6133,603.1361,80.7594
160,3,28.5525,31252.6938,603.1361,87.6054
160,4,6.353,9286.7242,603.1361,161.5849
160,5,4.8677,4946.2037,603.1361,159.266
161,1,4.5381,5202.9937,393.3944,502.6552
161,2,6.8173,6399.9625,393.3944,80.7594
161,3,28.8885,31153.7824,393.3944,87.6054
161,4,7.0654,10808.6252,393.3944,161.5849
161,5,3.3032,3100.9711,393.3944,159.266
162,1,2.0209,1897.2122,458.2824,502.6552
162,2,8.7247,9949.5042,458.2824,80.7594
162,3,29.7051,33775.8572,458.2824,87.6054
162,4,7.0473,10751.7611,458.2824,161.5849
162,5,3.1292,3880.3531,458.2824,159.266
163,1,3.7822,3550.6405,881.3644,502.6552
163,2,9.0998,10301.6053,881.3644,80.7594
163,3,30.0801,34127.9583,881.3644,87.6054
163,4,7.4224,10740.8831,881.3644,161.5849
163,5,4.4948,4556.2736,881.3644,159.266
164,1,1.3608,1862.5481,156.7331,502.6552
164,2,8.3462,11785.5991,156.7331,80.7594
164,3,29.3266,36345.7045,156.7331,87.6054
164,4,8.7324,12462.5602,156.7331,161.5849
164,5,2.4691,3845.6889,156.7331,159.266
165,1,3.7217,4588.9247,544.2326,502.6552
165,2,10.7071,12648.4289,544.2326,80.7594
165,3,31.3586,34832.5832,544.2326,87.6054
165,4,7.4846,9736.1836,544.2326,161.5849
165,5,4.83,6572.0656,544.2326,159.266
166,1,7.5919,9155.4621,823.5898,502.6552
166,2,10.962,12918.8688,823.5898,80.7594
166,3,31.3646,34704.7654,823.5898,87.6054
166,4,4.037,4837.9603,823.5898,161.5849
166,5,6.357,7969.7448,823.5898,159.266
167,1,6.2989,7037.6871,416.4511,502.6552
167,2,11.7427,13651.7713,416.4511,80.7594
167,3,32.1453,35437.6679,416.4511,87.6054
167,4,5.9731,8117.926,416.4511,161.5849
167,5,7.1377,8361.3554,416.4511,159.266
168,1,7.0812,7772.0678,498.7242,502.6552
168,2,12.525,14386.1519,498.7242,80.7594
168,3,32.9275,36172.0486,498.7242,87.6054
168,4,6.7554,7507.8206,498.7242,161.5849
168,5,7.92,9095.7361,498.7242,159.266
169,1,6.3181,7959.6802,539.2631,502.6552
169,2,9.6882,11723.0869,539.2631,80.7594
169,3,30.0908,33508.9836,539.2631,87.6054
169,4,3.9187,6189.2416,539.2631,161.5849
169,5,5.0832,6773.9629,539.2631,159.266
170,1,8.5441,10049.4016,305.2104,502.6552
170,2,11.9142,13812.8082,305.2104,80.7594
170,3,32.3168,35598.7049,305.2104,87.6054
170,4,3.0848,3944.0208,305.2104,161.5849
170,5,7.3092,8863.6843,305.2104,159.266
171,1,8.4728,10867.3428,634.0655,502.6552
171,2,11.8429,14630.7495,634.0655,80.7594
171,3,32.2455,36416.6461,634.0655,87.6054
171,4,2.4387,3337.4859,634.0655,161.5849
171,5,7.2379,9681.6255,634.0655,159.266
172,1,8.4534,9060.3341,470.6844,502.6552
172,2,13.8972,15674.4183,470.6844,80.7594
172,3,34.2998,37460.315,470.6844,87.6054
172,4,6.3308,6219.5543,470.6844,161.5849
172,5,9.2922,10384.0025,470.6844,159.266
173,1,6.5481,7920.0071,135.6024,502.6552
173,2,9.9182,11938.9464,135.6024,80.7594
173,3,30.3207,33724.8431,135.6024,87.6054
173,4,4.1486,6405.1011,135.6024,161.5849
173,5,5.3132,6989.8225,135.6024,159.266
174,1,5.3797,6966.3224,220.2544,502.6552
174,2,8.7498,11066.7218,220.2544,80.7594
174,3,29.1523,32852.6185,220.2544,87.6054
174,4,3.2594,5682.651,220.2544,161.5849
174,5,4.1448,5780.605,220.2544,159.266
175,1,5.0403,6374.7106,589.1571,502.6552
175,2,8.4104,10475.1101,589.1571,80.7594
175,3,28.813,32261.0067,589.1571,87.6054
175,4,3.5988,6274.2628,589.1571,161.5849
175,5,3.8054,5188.9933,589.1571,159.266
176,1,4.9157,6157.5095,332.6304,502.6552
176,2,8.2858,10257.909,332.6304,80.7594
176,3,28.6884,32043.8057,332.6304,87.6054
176,4,3.7233,6491.4638,332.6304,161.5849
176,5,3.6809,4971.7922,332.6304,159.266
177,1,4.8832,4884.7054,392.1663,502.6552
177,2,9.7945,11635.6703,392.1663,80.7594
177,3,30.1971,33572.1571,392.1663,87.6054
177,4,6.3231,9922.1024,392.1663,161.5849
177,5,5.1896,5890.3386,392.1663,159.266
178,1,5.6409,5830.4725,657.121,502.6552
178,2,9.011,10840.4933,657.121,80.7594
178,3,29.4136,32626.39,657.121,87.6054
178,4,5.5396,8976.3353,657.121,161.5849
178,5,4.406,5554.3765,657.121,159.266
179,1,6.7774,9403.1958,338.2881,502.6552
179,2,10.1475,13166.6025,338.2881,80.7594
179,3,30.5501,34952.4991,338.2881,87.6054
179,4,1.8617,3245.7775,338.2881,161.5849
179,5,5.5425,8217.4785,338.2881,159.266
180,1,9.2995,10758.4982,374.4324,502.6552
180,2,12.6696,12910.8292,374.4324,80.7594
180,3,32.5854,34696.7258,374.4324,87.6054
180,4,3.6442,4469.1561,374.4324,161.5849
180,5,8.0646,9572.7809,374.4324,159.266
181,1,6.0654,8161.8979,216.0156,502.6552
181,2,9.4355,11925.3045,216.0156,80.7594
181,3,29.8381,33711.2012,216.0156,87.6054
181,4,2.5737,4487.0755,216.0156,161.5849
181,5,4.8305,6976.1806,216.0156,159.266
182,1,5.7816,7667.0007,289.069,502.6552
182,2,9.1517,11430.4073,289.069,80.7594
182,3,29.5542,33216.304,289.069,87.6054
182,4,2.8575,4981.9727,289.069,161.5849
182,5,4.5467,6481.2834,289.069,159.266
183,1,7.0428,8639.9369,198.3246,502.6552
183,2,10.4129,11374.7466,198.3246,80.7594
183,3,30.5849,33160.6432,198.3246,87.6054
183,4,4.6433,6587.7174,198.3246,161.5849
183,5,5.8079,7454.2196,198.3246,159.266
184,1,8.6042,9201.8801,498.6295,502.6552
184,2,14.048,15815.9642,498.6295,80.7594
184,3,34.4506,37601.8609,498.6295,87.6054
184,4,6.1801,6078.0083,498.6295,161.5849
184,5,9.443,10525.5484,498.6295,159.266
185,1,7.6112,8376.3904,460.7303,502.6552
185,2,13.7904,15445.3904,460.7303,80.7594
185,3,34.193,37629.5448,460.7303,87.6054
185,4,7.8442,7640.3104,460.7303,161.5849
185,5,8.7195,9700.0587,460.7303,159.266
186,1,6.3641,7205.6258,593.1759,502.6552
186,2,12.5433,14274.6258,593.1759,80.7594
186,3,32.9459,36458.7802,593.1759,87.6054
186,4,9.0341,8811.075,593.1759,161.5849
186,5,7.4724,8529.2941,593.1759,159.266
187,1,6.7518,7462.8303,317.7229,502.6552
187,2,12.1956,14076.9145,317.7229,80.7594
187,3,32.5981,35862.8112,317.7229,87.6054
187,4,6.426,7817.0581,317.7229,161.5849
187,5,7.5906,8786.4987,317.7229,159.266
188,1,5.1646,6079.5876,525.8722,502.6552
188,2,11.3439,13148.5877,525.8722,80.7594
188,3,31.7464,35332.742,525.8722,87.6054
188,4,7.8347,9937.1131,525.8722,161.5849
188,5,6.2729,7403.256,525.8722,159.266
189,1,5.62,5665.019,765.2741,502.6552
189,2,12.6055,14854.4388,765.2741,80.7594
189,3,33.5858,39191.793,765.2741,87.6054
189,4,12.8372,14761.0924,765.2741,161.5849
189,5,6.7283,7207.8388,765.2741,159.266
190,1,4.6788,4781.3999,320.7441,502.6552
190,2,11.6642,13970.8197,320.7441,80.7594
190,3,32.6446,38308.1739,320.7441,87.6054
190,4,11.896,13877.4733,320.7441,161.5849
190,5,5.7871,6324.2197,320.7441,159.266
191,1,7.2078,7151.9832,468.7027,502.6552
191,2,14.1932,16341.403,468.7027,80.7594
191,3,35.1735,40678.7572,468.7027,87.6054
191,4,14.4249,16251.6319,468.7027,161.5849
191,5,8.316,8694.803,468.7027,159.266
192,1,10.2454,11764.3681,161.0789,502.6552
192,2,10.1615,9543.7294,161.0789,80.7594
192,3,30.1017,33377.9354,161.0789,87.6054
192,4,14.0016,19521.2651,161.0789,161.5849
192,5,9.0105,9751.2896,161.0789,159.266
193,1,10.4577,11963.7223,199.9437,502.6552
193,2,9.7947,9743.0836,199.9437,80.7594
193,3,28.7041,32207.7546,199.9437,87.6054
193,4,14.214,19720.6193,199.9437,161.5849
193,5,9.2229,9950.6439,199.9437,159.266
194,1,11.9409,15404.1355,759.1984,502.6552
194,2,8.9338,9013.8149,759.1984,80.7594
194,3,27.8432,31070.007,759.1984,87.6054
194,4,15.6971,22554.4165,759.1984,161.5849
194,5,10.706,13312.4479,759.1984,159.266
195,1,10.7347,12223.7653,471.4852,502.6552
195,2,9.5177,9508.3832,471.4852,80.7594
195,3,28.4271,31947.7116,471.4852,87.6054
195,4,14.491,19980.6623,471.4852,161.5849
195,5,9.4999,10210.6868,471.4852,159.266
196,1,2.2343,2097.5195,424.7438,502.6552
196,2,10.4492,10867.7135,424.7438,80.7594
196,3,31.4295,35205.0678,424.7438,87.6054
196,4,10.8353,14684.3696,424.7438,161.5849
196,5,3.4312,3221.1136,424.7438,159.266
197,1,5.3149,4989.5342,401.0881,502.6552
197,2,11.1427,11518.7268,401.0881,80.7594
197,3,32.123,35856.081,401.0881,87.6054
197,4,11.5288,15335.3829,401.0881,161.5849
197,5,4.1246,3872.1269,401.0881,159.266
198,1,3.1123,2921.7395,856.5575,502.6552
198,2,11.3652,12111.1593,856.5575,80.7594
198,3,32.3455,36448.5135,856.5575,87.6054
198,4,11.7513,15570.7128,856.5575,161.5849
198,5,4.7557,4464.5593,856.5575,159.266
199,1,2.573,2415.5303,158.725,502.6552
199,2,9.4768,9954.872,158.725,80.7594
199,3,30.4572,34292.2262,158.725,87.6054
199,4,9.863,13771.5281,158.725,161.5849
199,5,2.4588,2308.2721,158.725,159.266
200,1,3.4123,3203.4526,52.5045,502.6552
200,2,8.6375,9166.9496,52.5045,80.7594
200,3,29.6179,33504.3039,52.5045,87.6054
200,4,9.0237,12983.6057,52.5045,161.5849
200,5,1.6195,1520.3497,52.5045,159.266
201,1,3.6527,3429.0723,434.9409,502.6552
201,2,11.8557,12618.492,434.9409,80.7594
201,3,32.836,36955.8463,434.9409,87.6054
201,4,12.0874,14057.1742,434.9409,161.5849
201,5,5.2961,4971.8921,434.9409,159.266
202,1,5.7933,5438.6295,565.4526,502.6552
202,2,14.0462,14628.0493,565.4526,80.7594
202,3,35.0265,38965.4035,565.4526,87.6054
202,4,14.4323,16283.5368,565.4526,161.5849
202,5,7.4367,6981.4493,565.4526,159.266
203,1,3.6163,3394.8785,408.9474,502.6552
203,2,11.8692,12584.2983,408.9474,80.7594
203,3,32.8495,36921.6525,408.9474,87.6054
203,4,12.2553,16043.8518,408.9474,161.5849
203,5,5.2597,4937.6983,408.9474,159.266
204,1,2.3581,2213.7146,442.9946,502.6552
204,2,10.611,11403.1344,442.9946,80.7594
204,3,31.5913,35740.4886,442.9946,87.6054
204,4,10.9971,14862.688,442.9946,161.5849
204,5,4.0015,3756.5345,442.9946,159.266
205,1,2.996,2812.6266,636.6203,502.6552
205,2,11.249,12002.0464,636.6203,80.7594
205,3,32.2293,36339.4007,636.6203,87.6054
205,4,11.6351,14673.6198,636.6203,161.5849
205,5,4.6395,4355.4465,636.6203,159.266
206,1,5.1939,5264.9625,336.4266,502.6552
206,2,12.1793,14454.3823,336.4266,80.7594
206,3,33.1597,38791.7365,336.4266,87.6054
206,4,12.411,14361.0359,336.4266,161.5849
206,5,6.3022,6807.7824,336.4266,159.266
207,1,6.3107,6779.9505,142.9075,502.6552
207,2,13.2962,15969.3703,142.9075,80.7594
207,3,34.2765,40306.7246,142.9075,87.6054
207,4,13.5279,15876.0239,142.9075,161.5849
207,5,7.419,8322.7704,142.9075,159.266
208,1,3.9268,6336.3255,644.6414,502.6552
208,2,10.9123,16259.3765,644.6414,80.7594
208,3,31.8926,39822.7741,644.6414,87.6054
208,4,11.144,14726.3744,644.6414,161.5849
208,5,5.0351,8319.4663,644.6414,159.266
209,1,2.5433,3924.2311,821.5822,502.6552
209,2,9.5288,13847.2821,821.5822,80.7594
209,3,30.5091,37410.6797,821.5822,87.6054
209,4,9.7605,12314.2801,821.5822,161.5849
209,5,3.6516,5907.372,821.5822,159.266
210,1,6.0479,9270.5982,650.0148,502.6552
210,2,13.0334,19193.6492,650.0148,80.7594
210,3,34.0137,42074.9521,650.0148,87.6054
210,4,13.2651,14724.3155,650.0148,161.5849
210,5,7.1562,11253.7391,650.0148,159.266
211,1,9.3215,10896.9881,153.3789,502.6552
211,2,9.2376,8676.3494,153.3789,80.7594
211,3,29.6596,32510.5554,153.3789,87.6054
211,4,13.0777,18653.8851,153.3789,161.5849
211,5,8.0866,8883.9096,153.3789,159.266
212,1,10.2583,11776.5296,452.1667,502.6552
212,2,9.9941,9555.8909,452.1667,80.7594
212,3,28.9035,32394.9473,452.1667,87.6054
212,4,14.0146,19533.4266,452.1667,161.5849
212,5,9.0235,9763.4512,452.1667,159.266
213,1,11.2391,12697.2121,183.5468,502.6552
213,2,9.0134,9034.9363,183.5468,80.7594
213,3,27.9228,31474.2648,183.5468,87.6054
213,4,14.9953,20454.1091,183.5468,161.5849
213,5,10.0042,10684.1337,183.5468,159.266
214,1,12.7947,14157.5911,323.1744,502.6552
214,2,10.4249,10413.6773,323.1744,80.7594
214,3,29.3343,32469.8695,323.1744,87.6054
214,4,16.5509,21914.4881,323.1744,161.5849
214,5,11.5598,12144.5127,323.1744,159.266
215,1,11.1996,12660.1908,157.5509,502.6552
215,2,11.1157,10439.5521,157.5509,80.7594
215,3,30.9294,33967.2698,157.5509,87.6054
215,4,14.9559,20417.0878,157.5509,161.5849
215,5,9.9647,10647.1124,157.5509,159.266
216,1,9.8374,11381.3883,54.8908,502.6552
216,2,9.7535,9160.7496,54.8908,80.7594
216,3,29.6938,32994.9556,54.8908,87.6054
216,4,13.5937,19138.2853,54.8908,161.5849
216,5,8.6026,9368.3098,54.8908,159.266
217,1,15.509,14559.5727,1418.2744,502.6552
217,2,19.2642,18711.892,1418.2744,80.7594
217,3,38.1736,40768.0842,1418.2744,87.6054
217,4,22.2051,25358.1353,1418.2744,161.5849
217,5,14.8009,13894.8793,1418.2744,159.266
218,1,7.2194,7162.8776,2005.4074,502.6552
218,2,14.2048,16352.2974,2005.4074,80.7594
218,3,35.1851,40689.6516,2005.4074,87.6054
218,4,14.4365,16262.5263,2005.4074,161.5849
218,5,8.3276,8705.6975,2005.4074,159.266
219,1,8.7127,8564.7315,402.4806,502.6552
219,2,15.4686,15579.8557,402.4806,80.7594
219,3,36.4489,39708.8399,402.4806,87.6054
219,4,15.8548,17664.3802,402.4806,161.5849
219,5,8.4506,7933.2557,402.4806,159.266
220,1,6.4625,9659.7948,684.1764,502.6552
220,2,13.4479,19254.991,684.1764,80.7594
220,3,34.4283,42959.0585,684.1764,87.6054
220,4,13.6796,15608.4219,684.1764,161.5849
220,5,7.5708,11608.3911,684.1764,159.266
221,1,7.0414,6610.3288,317.6172,502.6552
221,2,13.3514,13592.2354,317.6172,80.7594
221,3,34.3317,37721.2197,317.6172,87.6054
221,4,13.7375,17408.8915,317.6172,161.5849
221,5,6.3333,5945.6355,317.6172,159.266
222,1,7.5258,7065.0802,231.6903,502.6552
222,2,13.8358,14046.9868,231.6903,80.7594
222,3,34.8161,38175.9711,231.6903,87.6054
222,4,14.2219,17863.6429,231.6903,161.5849
222,5,6.8177,6400.3869,231.6903,159.266
223,1,7.533,7071.9005,588.3427,502.6552
223,2,13.8431,14053.8071,588.3427,80.7594
223,3,34.8234,38182.7914,588.3427,87.6054
223,4,14.2292,17870.4632,588.3427,161.5849
223,5,6.825,6407.2072,588.3427,159.266
224,1,8.4984,7978.1859,402.5641,502.6552
224,2,14.8084,14960.0925,402.5641,80.7594
224,3,35.7888,38872.5564,402.5641,87.6054
224,4,15.1946,18776.7486,402.5641,161.5849
224,5,7.7904,7313.4925,402.5641,159.266
225,1,8.1969,7695.1057,305.6756,502.6552
225,2,14.5069,14677.0123,305.6756,80.7594
225,3,35.4872,38805.9965,305.6756,87.6054
225,4,14.893,18493.6684,305.6756,161.5849
225,5,7.4888,7030.4123,305.6756,159.266
226,1,10.6118,9962.2282,919.7557,502.6552
226,2,13.901,13054.3081,919.7557,80.7594
226,3,33.8412,36888.5142,919.7557,87.6054
226,4,17.308,20760.7908,919.7557,161.5849
226,5,9.9038,9297.5348,919.7557,159.266
227,1,11.6494,10936.2622,62.8946,502.6552
227,2,12.8634,12080.2741,62.8946,80.7594
227,3,32.8037,35914.4802,62.8946,87.6054
227,4,16.7036,21734.8249,62.8946,161.5849
227,5,10.9414,10271.5688,62.8946,159.266
228,1,19.674,23337.3353,879.5759,502.6552
228,2,13.4206,13439.4923,879.5759,80.7594
228,3,13.5299,12701.63,879.5759,87.6054
228,4,21.3416,25862.5425,879.5759,161.5849
228,5,18.4391,21919.0194,879.5759,159.266
229,1,18.3068,25198.1576,874.0405,502.6552
229,2,12.0533,14939.3236,874.0405,80.7594
229,3,13.6428,12807.6791,874.0405,87.6054
229,4,21.4852,27723.3648,874.0405,161.5849
229,5,17.0719,23485.2333,874.0405,159.266
230,1,17.7976,24937.4736,287.3415,502.6552
230,2,11.5442,14461.3535,287.3415,80.7594
230,3,13.1337,12329.7091,287.3415,87.6054
230,4,20.9761,27462.6809,287.3415,161.5849
230,5,16.5627,23007.2632,287.3415,159.266
231,1,19.8643,23735.9523,697.3264,502.6552
231,2,13.6109,13838.1093,697.3264,80.7594
231,3,15.2004,14269.8844,697.3264,87.6054
231,4,21.7662,26261.1596,697.3264,161.5849
231,5,18.6294,22317.6364,697.3264,159.266
232,1,18.3387,22083.7757,221.3003,502.6552
232,2,12.0853,12185.9327,221.3003,80.7594
232,3,14.8652,13955.1896,221.3003,87.6054
232,4,20.0063,24608.9829,221.3003,161.5849
232,5,17.1038,20665.4598,221.3003,159.266
233,1,16.6734,22835.4871,424.6087,502.6552
233,2,10.4199,12937.6441,424.6087,80.7594
233,3,15.6299,14673.0805,424.6087,87.6054
233,4,19.8518,25360.6943,424.6087,161.5849
233,5,15.4385,21417.1711,424.6087,159.266
234,1,22.2721,29138.0362,1283.2378,502.6552
234,2,16.0187,18661.9161,1283.2378,80.7594
234,3,10.5204,9876.366,1283.2378,87.6054
234,4,25.4506,31663.2435,1283.2378,161.5849
234,5,21.0372,27207.8258,1283.2378,159.266
235,1,19.1313,26189.5525,891.6653,502.6552
235,2,12.8779,15713.4324,891.6653,80.7594
235,3,10.1019,9483.5169,891.6653,87.6054
235,4,22.3098,28714.7598,891.6653,161.5849
235,5,17.8965,24259.3421,891.6653,159.266
236,1,17.6287,25203.8346,1197.1748,502.6552
236,2,11.3753,14555.9023,1197.1748,80.7594
236,3,15.938,15251.5907,1197.1748,87.6054
236,4,20.8072,28212.2732,1197.1748,161.5849
236,5,16.3938,23101.812,1197.1748,159.266
237,1,24.3701,27745.9889,1885.5377,502.6552
237,2,18.1167,17848.1459,1885.5377,80.7594
237,3,8.8337,8292.9765,1885.5377,87.6054
237,4,26.0377,30271.1961,1885.5377,161.5849
237,5,23.1353,26327.6729,1885.5377,159.266
238,1,21.8984,28787.1973,769.0501,502.6552
238,2,15.6449,18311.0771,769.0501,80.7594
238,3,7.3349,6885.8721,769.0501,87.6054
238,4,25.0769,31312.4045,769.0501,161.5849
238,5,20.6635,26856.9868,769.0501,159.266
239,1,23.1463,26597.054,475.7652,502.6552
239,2,16.8929,16699.211,475.7652,80.7594
239,3,11.5192,10814.0728,475.7652,87.6054
239,4,24.8139,29122.2612,475.7652,161.5849
239,5,21.9114,25178.7381,475.7652,159.266
240,1,21.3846,28304.914,266.6348,502.6552
240,2,15.1312,17828.7938,266.6348,80.7594
240,3,9.6329,9043.2437,266.6348,87.6054
240,4,24.5631,30830.1212,266.6348,161.5849
240,5,20.1498,26374.7035,266.6348,159.266
241,1,21.4456,28310.6466,940.5396,502.6552
241,2,15.1922,17886.0304,940.5396,80.7594
241,3,9.6939,9100.4803,940.5396,87.6054
241,4,24.6241,30835.8538,940.5396,161.5849
241,5,20.2107,26431.94,940.5396,159.266
242,1,22.7039,27129.3748,652.1198,502.6552
242,2,16.4505,17231.5318,652.1198,80.7594
242,3,10.9522,10281.752,652.1198,87.6054
242,4,25.3809,29654.582,652.1198,161.5849
242,5,21.469,25711.0589,652.1198,159.266
243,1,22.5104,26000.0488,490.0759,502.6552
243,2,16.2569,16102.2058,490.0759,80.7594
243,3,12.1552,11411.078,490.0759,87.6054
243,4,24.178,28525.256,490.0759,161.5849
243,5,21.2755,24581.7329,490.0759,159.266
244,1,22.0808,23659.1367,282.7256,502.6552
244,2,15.8274,15698.9701,282.7256,80.7594
244,3,19.0145,17850.4718,282.7256,87.6054
244,4,22.3019,24983.379,282.7256,161.5849
244,5,20.8459,22473.4194,282.7256,159.266
245,1,22.2138,22577.213,868.0913,502.6552
245,2,17.422,17041.2798,868.0913,80.7594
245,3,23.5156,22076.0977,868.0913,87.6054
245,4,21.817,20757.7531,868.0913,161.5849
245,5,20.9789,21391.4957,868.0913,159.266
246,1,30.7968,32833.3519,860.9775,502.6552
246,2,24.5434,23881.3725,860.9775,80.7594
246,3,10.1928,9568.8095,860.9775,87.6054
246,4,32.0744,34157.5942,860.9775,161.5849
246,5,29.5619,31647.6346,860.9775,159.266
247,1,27.0826,28354.6777,47.6159,502.6552
247,2,20.8291,20394.5111,47.6159,80.7594
247,3,14.9635,14047.4836,47.6159,87.6054
247,4,27.3037,29678.9201,47.6159,161.5849
247,5,25.8477,27168.9604,47.6159,159.266
248,1,33.3257,33313.9189,1369.2038,502.6552
248,2,30.2069,28357.7641,1369.2038,80.7594
248,3,14.398,13516.5686,1369.2038,87.6054
248,4,26.1469,26265.6965,1369.2038,161.5849
248,5,32.0908,32128.2016,1369.2038,159.266
249,1,26.4512,26860.2909,1158.7809,502.6552
249,2,23.3325,21904.1361,1158.7809,80.7594
249,3,21.2724,19970.1966,1158.7809,87.6054
249,4,21.3121,21726.8318,1158.7809,161.5849
249,5,25.2163,25674.5735,1158.7809,159.266
250,1,23.5712,24156.5936,1612.5472,502.6552
250,2,20.4525,19200.4388,1612.5472,80.7594
250,3,24.1524,22673.8939,1612.5472,87.6054
250,4,20.3518,19382.214,1612.5472,161.5849
250,5,22.3363,22970.8763,1612.5472,159.266
251,1,20.063,20863.1398,1297.6954,502.6552
251,2,18.7771,17627.6758,1297.6954,80.7594
251,3,27.6606,25967.3477,1297.6954,87.6054
251,4,16.8436,16088.7602,1297.6954,161.5849
251,5,18.8281,19677.4225,1297.6954,159.266
252,1,21.5862,23194.7595,919.1502,502.6552
252,2,15.3327,15234.5929,919.1502,80.7594
252,3,21.4264,20114.7239,919.1502,87.6054
252,4,21.8073,22719.127,919.1502,161.5849
252,5,20.3513,22009.0422,919.1502,159.266
253,1,17.8331,18464.64,1274.2448,502.6552
253,2,13.7718,12928.7068,1274.2448,80.7594
253,3,27.2506,26188.6707,1274.2448,87.6054
253,4,17.7317,18743.7204,1274.2448,161.5849
253,5,16.5982,17278.9227,1274.2448,159.266
254,1,24.859,25365.5615,289.7189,502.6552
254,2,23.5732,22130.0974,289.7189,80.7594
254,3,23.0862,21672.9974,289.7189,87.6054
254,4,17.4586,18109.2677,289.7189,161.5849
254,5,23.6241,24179.8442,289.7189,159.266
255,1,19.0725,19933.3179,1260.6058,502.6552
255,2,17.7867,16697.8539,1260.6058,80.7594
255,3,28.8727,27105.241,1260.6058,87.6054
255,4,15.8531,15158.9383,1260.6058,161.5849
255,5,17.8377,18747.6006,1260.6058,159.266
256,1,25.225,25709.1198,1166.362,502.6552
256,2,22.1062,20752.965,1166.362,80.7594
256,3,22.4986,21121.3677,1166.362,87.6054
256,4,22.0056,20934.7402,1166.362,161.5849
256,5,23.9901,24523.4025,1166.362,159.266
257,1,21.1135,21849.3104,800.4486,502.6552
257,2,19.8276,18613.8464,800.4486,80.7594
257,3,26.8318,25189.2484,800.4486,87.6054
257,4,17.3457,17074.9308,800.4486,161.5849
257,5,19.8786,20663.5931,800.4486,159.266
258,1,20.4308,21208.3917,2559.176,502.6552
258,2,19.1449,17972.9276,2559.176,80.7594
258,3,27.5145,25830.1672,2559.176,87.6054
258,4,17.2114,16434.0121,2559.176,161.5849
258,5,19.1959,20022.6744,2559.176,159.266
259,1,18.3776,19280.9487,1323.8115,502.6552
259,2,17.0918,16045.4846,1323.8115,80.7594
259,3,29.5676,27757.6102,1323.8115,87.6054
259,4,15.1582,14506.5691,1323.8115,161.5849
259,5,17.1428,18095.2314,1323.8115,159.266
260,1,16.53,17546.3981,943.034,502.6552
260,2,15.2441,14310.934,943.034,80.7594
260,3,31.1936,29284.0894,943.034,87.6054
260,4,13.3106,12772.0184,943.034,161.5849
260,5,15.2951,16360.6808,943.034,159.266
261,1,13.3356,14547.576,1386.3781,502.6552
261,2,14.6268,13731.4518,1386.3781,80.7594
261,3,32.0021,33347.2184,1386.3781,87.6054
261,4,8.3154,8082.5871,1386.3781,161.5849
261,5,12.1007,13361.8586,1386.3781,159.266
262,1,11.8593,14661.9274,515.924,502.6552
262,2,15.2294,14547.6287,515.924,80.7594
262,3,34.6292,36333.5253,515.924,87.6054
262,4,3.9068,3943.9399,515.924,161.5849
262,5,10.6244,13476.2101,515.924,159.266
263,1,10.7153,13588.0307,257.7362,502.6552
263,2,14.0854,14338.86,257.7362,80.7594
263,3,34.4068,36124.7567,257.7362,87.6054
263,4,2.7629,2870.0432,257.7362,161.5849
263,5,9.4804,12402.3134,257.7362,159.266
264,1,11.6611,12975.5928,630.5412,502.6552
264,2,12.9524,12159.4687,630.5412,80.7594
264,3,32.0853,33945.3654,630.5412,87.6054
264,4,5.0844,5049.4345,630.5412,161.5849
264,5,10.4262,11789.8755,630.5412,159.266
265,1,9.9146,11335.9392,245.4257,502.6552
265,2,13.1425,12337.9529,245.4257,80.7594
265,3,32.2755,34123.8496,245.4257,87.6054
265,4,5.1839,5914.6355,245.4257,161.5849
265,5,8.6797,10150.2219,245.4257,159.266
266,1,9.6361,13308.718,1019.6357,502.6552
266,2,13.0062,15352.0074,1019.6357,80.7594
266,3,33.4088,37137.9041,1019.6357,87.6054
266,4,1.6837,1856.8958,1019.6357,161.5849
266,5,8.4012,12123.0007,1019.6357,159.266
267,1,9.8017,12334.9517,374.7479,502.6552
267,2,13.1718,14487.2827,374.7479,80.7594
267,3,33.5743,36273.1794,374.7479,87.6054
267,4,3.4802,3543.4414,374.7479,161.5849
267,5,8.5668,11149.2344,374.7479,159.266
268,1,7.8519,11276.5853,436.3803,502.6552
268,2,11.222,15039.9919,436.3803,80.7594
268,3,31.6246,36825.8886,436.3803,87.6054
268,4,0.7872,1372.388,436.3803,161.5849
268,5,6.617,10090.868,436.3803,159.266
269,1,8.7812,9474.7632,563.1278,502.6552
269,2,14.9604,16543.7632,563.1278,80.7594
269,3,35.363,38727.9176,563.1278,87.6054
269,4,6.6742,6541.9376,563.1278,161.5849
269,5,9.8895,10798.4315,563.1278,159.266
270,1,9.3847,10041.2932,1067.8647,502.6552
270,2,15.5639,17110.2932,1067.8647,80.7594
270,3,35.9665,39221.3028,1067.8647,87.6054
270,4,6.0708,5975.4076,1067.8647,161.5849
270,5,10.4929,11364.9616,1067.8647,159.266
271,1,9.8094,10333.3246,528.0366,502.6552
271,2,15.2532,16947.4087,528.0366,80.7594
271,3,35.6558,38733.3054,528.0366,87.6054
271,4,5.551,5487.4102,528.0366,161.5849
271,5,10.6482,11656.9929,528.0366,159.266
272,1,10.2002,10700.1844,822.8098,502.6552
272,2,14.3163,16952.7466,822.8098,80.7594
272,3,34.7189,38738.6432,822.8098,87.6054
272,4,4.5841,4579.7039,822.8098,161.5849
272,5,9.7113,12003.6226,822.8098,159.266
273,1,10.093,10706.2866,632.3704,502.6552
273,2,16.2723,17775.2866,632.3704,80.7594
273,3,36.6748,39959.441,632.3704,87.6054
273,4,9.2126,8924.9332,632.3704,161.5849
273,5,11.2013,12029.955,632.3704,159.266
274,1,7.7975,8551.3176,272.7026,502.6552
274,2,13.9768,15620.3176,272.7026,80.7594
274,3,34.3793,37804.472,272.7026,87.6054
274,4,10.4127,10051.5684,272.7026,161.5849
274,5,8.9058,9874.9859,272.7026,159.266
275,1,7.8475,10754.835,208.8522,502.6552
275,2,14.8329,19118.5987,208.8522,80.7594
275,3,35.8133,41302.7531,208.8522,87.6054
275,4,12.6901,12453.7791,208.8522,161.5849
275,5,8.9558,12737.9759,208.8522,159.266
276,1,9.2851,12979.2126,721.6356,502.6552
276,2,12.6552,16742.6192,721.6356,80.7594
276,3,33.0578,38528.5159,721.6356,87.6054
276,4,1.3327,1527.3903,721.6356,161.5849
276,5,8.0502,11793.4953,721.6356,159.266
277,1,9.1317,13507.8143,1453.8321,502.6552
277,2,12.5018,17271.2209,1453.8321,80.7594
277,3,32.9044,38923.4242,1453.8321,87.6054
277,4,0.4926,858.841,1453.8321,161.5849
277,5,7.8968,12322.097,1453.8321,159.266
278,1,9.492,13173.4311,316.5029,502.6552
278,2,12.8621,16936.8378,316.5029,80.7594
278,3,33.2647,38722.7344,316.5029,87.6054
278,4,1.5396,1721.6089,316.5029,161.5849
278,5,8.2571,11987.7138,316.5029,159.266
279,1,10.133,11463.5747,238.4202,502.6552
279,2,13.5031,16189.3564,238.4202,80.7594
279,3,33.9057,37975.253,238.4202,87.6054
279,4,3.7709,3816.3137,238.4202,161.5849
279,5,8.8981,11240.2324,238.4202,159.266
280,1,13.3081,18493.312,2013.0715,502.6552
280,2,16.6782,21894.5141,2013.0715,80.7594
280,3,37.0808,39294.9932,2013.0715,87.6054
280,4,4.669,5844.3387,2013.0715,161.5849
280,5,12.0732,17307.5947,2013.0715,159.266
281,1,10.2493,10853.0168,573.1917,502.6552
281,2,16.4286,17922.0168,573.1917,80.7594
281,3,36.8311,40106.1712,573.1917,87.6054
281,4,9.3689,9071.6634,573.1917,161.5849
281,5,11.3576,12176.6852,573.1917,159.266
282,1,11.8221,12329.489,899.054,502.6552
282,2,18.0013,19398.489,899.054,80.7594
282,3,38.4039,41582.6434,899.054,87.6054
282,4,10.9417,10548.1356,899.054,161.5849
282,5,12.9303,13653.1573,899.054,159.266
283,1,11.9614,12460.2993,1868.1235,502.6552
283,2,18.1406,19529.2994,1868.1235,80.7594
283,3,38.5432,41713.4537,1868.1235,87.6054
283,4,11.081,10678.9459,1868.1235,161.5849
283,5,13.0697,13783.9677,1868.1235,159.266
284,1,10.5961,11178.5584,1988.2632,502.6552
284,2,16.7753,18247.5584,1988.2632,80.7594
284,3,37.1779,40431.7128,1988.2632,87.6054
284,4,9.7157,9397.205,1988.2632,161.5849
284,5,11.7044,12502.2267,1988.2632,159.266
285,1,13.8025,15297.1662,2560.4303,502.6552
285,2,20.7879,22366.1662,2560.4303,80.7594
285,3,41.5651,44550.3206,2560.4303,87.6054
285,4,14.1029,13515.8128,2560.4303,161.5849
285,5,14.9107,16620.8345,2560.4303,159.266
286,1,14.2653,14623.1785,1046.135,502.6552
286,2,20.4446,21692.1785,1046.135,80.7594
286,3,40.8471,43876.3329,1046.135,87.6054
286,4,13.3849,12841.8251,1046.135,161.5849
286,5,15.3736,15946.8469,1046.135,159.266
287,1,11.9498,14517.7063,820.1524,502.6552
287,2,18.9352,22484.1741,820.1524,80.7594
287,3,39.9155,44668.3284,820.1524,87.6054
287,4,15.741,15053.6478,820.1524,161.5849
287,5,13.058,16500.8471,820.1524,159.266
288,1,10.3826,10978.1577,768.7903,502.6552
288,2,16.5619,18047.1578,768.7903,80.7594
288,3,36.9644,40231.3121,768.7903,87.6054
288,4,9.5022,9196.8043,768.7903,161.5849
288,5,11.4909,12301.8261,768.7903,159.266
289,1,8.7429,11507.1676,494.7539,502.6552
289,2,15.7283,19473.6354,494.7539,80.7594
289,3,36.7087,41657.7897,494.7539,87.6054
289,4,12.5341,12043.1091,494.7539,161.5849
289,5,9.8512,13490.3084,494.7539,159.266
290,1,33.6657,36472.507,2082.9625,502.6552
290,2,27.4123,26574.664,2082.9625,80.7594
290,3,7.0921,6657.9267,2082.9625,87.6054
290,4,35.3333,38997.7142,2082.9625,161.5849
290,5,32.4308,35054.191,2082.9625,159.266
291,1,29.6677,36080.9129,1133.5254,502.6552
291,2,23.4143,25604.7927,1133.5254,80.7594
291,3,3.2135,3016.8051,1133.5254,87.6054
291,4,32.8462,38606.1201,1133.5254,161.5849
291,5,28.4328,34150.7024,1133.5254,159.266
292,1,29.6589,35639.4142,1826.4006,502.6552
292,2,23.4054,25596.5004,1826.4006,80.7594
292,3,0.4256,399.5511,1826.4006,87.6054
292,4,32.8374,38164.6214,1826.4006,161.5849
292,5,28.424,34142.41,1826.4006,159.266
293,1,22.9588,32425.4797,3139.8171,502.6552
293,2,16.7054,21777.5474,3139.8171,80.7594
293,3,13.6737,13950.3848,3139.8171,87.6054
293,4,26.1373,35433.9183,3139.8171,161.5849
293,5,21.724,30323.4571,3139.8171,159.266
294,1,28.2224,38480.573,1443.4844,502.6552
294,2,21.969,27832.6407,1443.4844,80.7594
294,3,8.4101,7895.2916,1443.4844,87.6054
294,4,31.4009,41489.0116,1443.4844,161.5849
294,5,26.9875,36378.5504,1443.4844,159.266
295,1,30.5454,42096.3684,186.226,502.6552
295,2,24.292,31448.4361,186.226,80.7594
295,3,14.4025,13520.7988,186.226,87.6054
295,4,33.7239,45104.807,186.226,161.5849
295,5,29.3106,39994.3458,186.226,159.266
296,1,29.7562,36163.9558,986.7841,502.6552
296,2,23.5027,25687.8357,986.7841,80.7594
296,3,3.302,3099.8481,986.7841,87.6054
296,4,32.9346,38689.1631,986.7841,161.5849
296,5,28.5213,34233.7454,986.7841,159.266
297,1,33.1606,40276.935,1078.5664,502.6552
297,2,26.9072,29629.0027,1078.5664,80.7594
297,3,8.6954,8163.1385,1078.5664,87.6054
297,4,36.3391,43285.3736,1078.5664,161.5849
297,5,31.9258,38174.9124,1078.5664,159.266
298,1,33.7918,40634.7387,1515.5939,502.6552
298,2,27.5384,30158.6185,1515.5939,80.7594
298,3,8.0643,7570.6309,1515.5939,87.6054
298,4,36.9703,43159.9459,1515.5939,161.5849
298,5,32.5569,38704.5282,1515.5939,159.266
299,1,26.2992,33835.5374,1030.3781,502.6552
299,2,20.0458,23187.6051,1030.3781,80.7594
299,3,8.4574,7939.6906,1030.3781,87.6054
299,4,29.4777,36843.976,1030.3781,161.5849
299,5,25.0643,31733.5148,1030.3781,159.266
300,1,29.5625,35982.1925,583.1216,502.6552
300,2,23.3091,25506.0723,583.1216,80.7594
300,3,3.1084,2918.0847,583.1216,87.6054
300,4,32.741,38507.3997,583.1216,161.5849
300,5,28.3277,34051.982,583.1216,159.266
301,1,25.598,32260.3678,552.6529,502.6552
301,2,19.3446,21784.2477,552.6529,80.7594
301,3,3.6352,3412.7016,552.6529,87.6054
301,4,28.7765,34785.5751,552.6529,161.5849
301,5,24.3631,30330.1574,552.6529,159.266
302,1,42.9215,42322.31,904.6838,502.6552
302,2,39.8027,37366.1552,904.6838,80.7594
302,3,28.5788,26829.3501,904.6838,87.6054
302,4,35.7427,35274.0877,904.6838,161.5849
302,5,41.6866,41136.5927,904.6838,159.266
303,1,42.629,42047.7588,2572.1816,502.6552
303,2,39.5103,37091.604,2572.1816,80.7594
303,3,27.4173,25738.9286,2572.1816,87.6054
303,4,35.4503,34999.5364,2572.1816,161.5849
303,5,41.3941,40862.0415,2572.1816,159.266
304,1,33.9218,36712.9529,3210.4296,502.6552
304,2,27.6684,26815.1098,3210.4296,80.7594
304,3,7.3482,6898.3726,3210.4296,87.6054
304,4,35.5894,39238.1601,3210.4296,161.5849
304,5,32.6869,35294.6369,3210.4296,159.266
305,1,34.0571,34000.5283,1894.9578,502.6552
305,2,30.9383,29044.3735,1894.9578,80.7594
305,3,18.8453,17691.6982,1894.9578,87.6054
305,4,26.8783,26952.306,1894.9578,161.5849
305,5,32.8222,32814.811,1894.9578,159.266
306,1,9.3485,10922.3691,49.7549,502.6552
306,2,8.3429,7832.1672,49.7549,80.7594
306,3,27.3675,30358.7886,49.7549,87.6054
306,4,13.1047,18679.2661,49.7549,161.5849
306,5,8.1136,8909.2907,49.7549,159.266
307,1,7.3185,10235.7338,395.9555,502.6552
307,2,5.9397,5576.0674,395.9555,80.7594
307,3,26.8452,29913.4216,395.9555,87.6054
307,4,11.0747,17294.5428,395.9555,161.5849
307,5,6.0836,8052.5742,395.9555,159.266
308,1,7.7496,10119.4603,350.1088,502.6552
308,2,7.6657,7200.7336,350.1088,80.7594
308,3,28.5758,31538.0878,350.1088,87.6054
308,4,11.5059,17178.2692,350.1088,161.5849
308,5,6.5147,7613.9571,350.1088,159.266
309,1,7.1044,9513.7466,714.8996,502.6552
309,2,7.0205,6595.0199,714.8996,80.7594
309,3,27.9306,30932.3741,714.8996,87.6054
309,4,10.8606,16572.5555,714.8996,161.5849
309,5,5.8695,7008.2433,714.8996,159.266
310,1,8.9324,9135.8442,280.7664,502.6552
310,2,8.8485,8311.1075,280.7664,80.7594
310,3,29.2705,32145.3135,280.7664,87.6054
310,4,12.6886,18288.6432,280.7664,161.5849
310,5,7.5872,7122.7658,280.7664,159.266
311,1,6.8102,6860.1286,777.579,502.6552
311,2,10.7896,10133.3472,777.579,80.7594
311,3,31.6997,34470.7014,777.579,87.6054
311,4,11.8386,15626.2079,777.579,161.5849
311,5,4.4344,4162.9519,777.579,159.266
312,1,7.0489,7084.2375,111.1859,502.6552
312,2,11.0283,10357.4561,111.1859,80.7594
312,3,31.9384,34694.8104,111.1859,87.6054
312,4,12.0773,15850.3169,111.1859,161.5849
312,5,4.6731,4387.0608,111.1859,159.266
313,1,6.1568,6246.716,376.8966,502.6552
313,2,10.1361,9519.9347,376.8966,80.7594
313,3,31.0463,33857.2889,376.8966,87.6054
313,4,11.1852,15012.7954,376.8966,161.5849
313,5,3.781,3549.5394,376.8966,159.266
314,1,6.9008,6478.4037,444.8731,502.6552
314,2,11.6792,10968.548,444.8731,80.7594
314,3,32.1013,34802.754,444.8731,87.6054
314,4,13.1148,16824.2524,444.8731,161.5849
314,5,5.7106,5360.9964,444.8731,159.266
315,1,4.4439,4171.8881,218.5536,502.6552
315,2,10.2717,10701.0807,218.5536,80.7594
315,3,31.252,35038.4349,218.5536,87.6054
315,4,10.6578,14517.7368,218.5536,161.5849
315,5,3.2537,3054.4807,218.5536,159.266
316,1,9.3405,13519.1347,354.6784,502.6552
316,2,3.087,2898.0659,354.6784,80.7594
316,3,20.6425,22325.7469,354.6784,87.6054
316,4,13.0967,19301.1092,354.6784,161.5849
316,5,8.1056,11417.112,354.6784,159.266
317,1,9.9744,15020.3429,398.7122,502.6552
317,2,5.3485,5172.6607,398.7122,80.7594
317,3,22.5002,23829.789,398.7122,87.6054
317,4,13.7307,21526.275,398.7122,161.5849
317,5,8.7395,12918.3203,398.7122,159.266
318,1,8.4688,13606.8977,13.8237,502.6552
318,2,3.8428,3759.2156,13.8237,80.7594
318,3,22.3435,25243.2342,13.8237,87.6054
318,4,12.2251,20124.567,13.8237,161.5849
318,5,7.2339,11504.8751,13.8237,159.266
319,1,7.015,11384.3252,127.6473,502.6552
319,2,4.144,4269.0319,127.6473,80.7594
319,3,23.0534,26795.6533,127.6473,87.6054
319,4,10.7712,18443.1342,127.6473,161.5849
319,5,5.7801,9282.3026,127.6473,159.266
320,1,7.4439,12279.313,37.1395,502.6552
320,2,4.4368,4524.9312,37.1395,80.7594
320,3,23.3462,26814.2224,37.1395,87.6054
320,4,11.2001,19338.122,37.1395,161.5849
320,5,6.209,10177.2904,37.1395,159.266
321,1,7.2094,11802.5745,38.6993,502.6552
321,2,3.1846,2989.676,38.6993,80.7594
321,3,22.3155,25516.2974,38.6993,87.6054
321,4,10.9657,18185.8145,38.6993,161.5849
321,5,5.9745,9700.5519,38.6993,159.266
322,1,7.8675,11184.806,76.0478,502.6552
322,2,2.5266,2371.9075,76.0478,80.7594
322,3,22.6333,24898.5288,76.0478,87.6054
322,4,11.6237,17568.046,76.0478,161.5849
322,5,6.6326,9082.7834,76.0478,159.266
323,1,8.4573,13608.8985,40.0153,502.6552
323,2,3.4946,3388.2749,40.0153,80.7594
323,3,21.6156,24050.7254,40.0153,87.6054
323,4,12.2135,19791.3182,40.0153,161.5849
323,5,7.2224,11506.8759,40.0153,159.266
324,1,15.4032,19327.9645,911.0877,502.6552
324,2,9.1498,9430.1215,911.0877,80.7594
324,3,17.8007,16711.0008,911.0877,87.6054
324,4,17.0708,21853.1717,911.0877,161.5849
324,5,14.1683,17909.6486,911.0877,159.266
